creator_id,creator_name,platform,handle,profile_url,results_type,results_limit,tier,enabled,created_at,updated_at
155,1902houselab,instagram,1902houselab,https://www.instagram.com/1902houselab/,posts,-1,tier1,1,2026-09-01T16:20:33.596659+00:00,2026-09-01T16:20:33.608812+00:00
156,1granary,instagram,1granary,https://www.instagram.com/1granary/,posts,-1,tier1,1,2026-09-01T16:20:33.622697+00:00,2026-09-01T16:20:33.636776+00:00
1,212fitnesscoaching,instagram,212fitnesscoaching,https://www.instagram.com/212fitnesscoaching/,posts,-1,tier1,1,2026-08-14T10:16:44.447333+00:00,2026-09-01T16:20:33.674790+00:00
157,404mediaco,instagram,404mediaco,https://www.instagram.com/404mediaco/,posts,-1,tier1,1,2026-09-01T16:20:33.691362+00:00,2026-09-01T16:20:33.702794+00:00
158,_dailyaidose,instagram,_dailyaidose,https://www.instagram.com/_dailyaidose/,posts,-1,tier1,1,2026-09-01T16:20:33.715950+00:00,2026-09-01T16:20:33.728146+00:00
159,_eduard.d___,instagram,_eduard.d___,https://www.instagram.com/_eduard.d___/,posts,-1,tier1,1,2026-09-01T16:20:33.739204+00:00,2026-09-01T16:20:33.749959+00:00
160,_foyr,instagram,_foyr,https://www.instagram.com/_foyr/,posts,-1,tier1,1,2026-09-01T16:20:33.761543+00:00,2026-09-01T16:20:33.772396+00:00
161,_juliaincitti,instagram,_juliaincitti,https://www.instagram.com/_juliaincitti/,posts,-1,tier1,1,2026-09-01T16:20:33.783446+00:00,2026-09-01T16:20:33.795325+00:00
162,_noleyyy_,instagram,_noleyyy_,https://www.instagram.com/_noleyyy_/,posts,-1,tier1,1,2026-09-01T16:20:33.807939+00:00,2026-09-01T16:20:33.820997+00:00
651,_origin.collective_,instagram,_origin.collective_,https://www.instagram.com/_origin.collective_/,posts,30,tier1,1,2026-09-05T19:32:46.666762+00:00,2026-09-05T19:32:46.666762+00:00
630,_sculpta_,instagram,_sculpta_,https://www.instagram.com/_sculpta_/,posts,30,tier1,1,2026-09-05T19:32:46.666762+00:00,2026-09-05T19:32:46.666762+00:00
163,_tomlewis,instagram,_tomlewis,https://www.instagram.com/_tomlewis/,posts,-1,tier1,1,2026-09-01T16:20:33.832759+00:00,2026-09-01T16:21:02.608794+00:00
2,_zuzudiary,instagram,_zuzudiary,https://www.instagram.com/_zuzudiary/,posts,-1,tier1,1,2026-08-14T10:16:44.449352+00:00,2026-09-01T16:20:33.872417+00:00
164,a16z,instagram,a16z,https://www.instagram.com/a16z/,posts,-1,tier1,1,2026-09-01T16:20:33.888981+00:00,2026-09-01T16:20:33.901256+00:00
165,abdidoesstuff,instagram,abdidoesstuff,https://www.instagram.com/abdidoesstuff/,posts,-1,tier1,1,2026-09-01T16:20:33.913508+00:00,2026-09-01T16:20:33.925977+00:00
166,absntmind.design,instagram,absntmind.design,https://www.instagram.com/absntmind.design/,posts,-1,tier1,1,2026-09-01T16:20:33.944202+00:00,2026-09-01T16:20:33.958098+00:00
675,actandsipnyc,instagram,actandsipnyc,https://www.instagram.com/actandsipnyc/,posts,30,tier1,1,2026-09-05T19:32:46.666762+00:00,2026-09-05T19:32:46.666762+00:00
167,adam_ha_yes,instagram,adam_ha_yes,https://www.instagram.com/adam_ha_yes/,posts,-1,tier1,1,2026-09-01T16:20:33.970869+00:00,2026-09-01T16:20:33.984949+00:00
168,adam_rosler,instagram,adam_rosler,https://www.instagram.com/adam_rosler/,posts,-1,tier1,1,2026-09-01T16:20:34.000569+00:00,2026-09-01T16:20:34.014960+00:00
3,adamdelduca,instagram,adamdelduca,https://www.instagram.com/adamdelduca/,posts,-1,tier1,1,2026-08-14T10:16:44.451094+00:00,2026-09-01T16:20:34.040817+00:00
169,admanage.ai,instagram,admanage.ai,https://www.instagram.com/admanage.ai/,posts,-1,tier1,1,2026-09-01T16:20:34.056330+00:00,2026-09-01T16:20:34.069673+00:00
653,adrian.wph,instagram,adrian.wph,https://www.instagram.com/adrian.wph/,posts,30,tier1,1,2026-09-05T19:32:46.666762+00:00,2026-09-05T19:32:46.666762+00:00
170,adrianabubori,instagram,adrianabubori,https://www.instagram.com/adrianabubori/,posts,-1,tier1,1,2026-09-01T16:20:34.083177+00:00,2026-09-01T16:20:34.097880+00:00
4,adrien.ninet,instagram,adrien.ninet,https://www.instagram.com/adrien.ninet/,posts,-1,tier1,1,2026-08-14T10:16:44.452817+00:00,2026-09-01T16:20:34.126057+00:00
5,advanceddesign,instagram,advanceddesign,https://www.instagram.com/advanceddesign/,posts,-1,tier1,1,2026-08-14T10:16:44.454416+00:00,2026-09-01T16:20:34.155058+00:00
171,advicewithjean,instagram,advicewithjean,https://www.instagram.com/advicewithjean/,posts,-1,tier1,1,2026-09-01T16:20:34.170674+00:00,2026-09-01T16:20:34.185389+00:00
172,afro.tech,instagram,afro.tech,https://www.instagram.com/afro.tech/,posts,-1,tier1,1,2026-09-01T16:20:34.200772+00:00,2026-09-01T16:20:34.217974+00:00
173,agentic.james,instagram,agentic.james,https://www.instagram.com/agentic.james/,posts,-1,tier1,1,2026-09-01T16:20:34.233542+00:00,2026-09-01T16:20:34.251082+00:00
174,agenticmatt,instagram,agenticmatt,https://www.instagram.com/agenticmatt/,posts,-1,tier1,1,2026-09-01T16:20:34.265484+00:00,2026-09-01T16:20:34.279877+00:00
175,ai.amirtech,instagram,ai.amirtech,https://www.instagram.com/ai.amirtech/,posts,-1,tier1,1,2026-09-01T16:20:34.294562+00:00,2026-09-01T16:20:34.308784+00:00
176,aiautomationchannels,instagram,aiautomationchannels,https://www.instagram.com/aiautomationchannels/,posts,-1,tier1,1,2026-09-01T16:20:34.323597+00:00,2026-09-01T16:20:34.338111+00:00
6,aiconsumer,instagram,aiconsumer,https://www.instagram.com/aiconsumer/,posts,-1,tier1,1,2026-08-14T10:16:44.456319+00:00,2026-09-01T16:20:34.366623+00:00
177,aified.studio,instagram,aified.studio,https://www.instagram.com/aified.studio/,posts,-1,tier1,1,2026-09-01T16:20:34.381277+00:00,2026-09-01T16:20:34.394526+00:00
178,aifolksorg,instagram,aifolksorg,https://www.instagram.com/aifolksorg/,posts,-1,tier1,1,2026-09-01T16:20:34.409333+00:00,2026-09-01T16:20:34.424654+00:00
179,aifornontechies,instagram,aifornontechies,https://www.instagram.com/aifornontechies/,posts,-1,tier1,1,2026-09-01T16:20:34.440174+00:00,2026-09-01T16:20:34.454510+00:00
180,aimeenoltemusic,instagram,aimeenoltemusic,https://www.instagram.com/aimeenoltemusic/,posts,-1,tier1,1,2026-09-01T16:20:34.469228+00:00,2026-09-01T16:20:34.483914+00:00
7,aitickerdaily,instagram,aitickerdaily,https://www.instagram.com/aitickerdaily/,posts,-1,tier1,1,2026-08-14T10:16:44.458517+00:00,2026-09-01T16:20:34.512475+00:00
181,aiwithremy,instagram,aiwithremy,https://www.instagram.com/aiwithremy/,posts,-1,tier1,1,2026-09-01T16:20:34.527618+00:00,2026-09-01T16:20:34.541002+00:00
182,aj.on.ai,instagram,aj.on.ai,https://www.instagram.com/aj.on.ai/,posts,-1,tier1,1,2026-09-01T16:20:34.556225+00:00,2026-09-01T16:20:34.569163+00:00
183,aj_eckstein,instagram,aj_eckstein,https://www.instagram.com/aj_eckstein/,posts,-1,tier1,1,2026-09-01T16:20:34.582106+00:00,2026-09-01T16:20:34.594856+00:00
184,akiyaair,instagram,akiyaair,https://www.instagram.com/akiyaair/,posts,-1,tier1,1,2026-09-01T16:20:34.608892+00:00,2026-09-01T16:20:34.621259+00:00
185,albert.olgaard,instagram,albert.olgaard,https://www.instagram.com/albert.olgaard/,posts,-1,tier1,1,2026-09-01T16:20:34.634901+00:00,2026-09-01T16:20:34.647015+00:00
186,albertofrtn,instagram,albertofrtn,https://www.instagram.com/albertofrtn/,posts,-1,tier1,1,2026-09-01T16:20:34.661296+00:00,2026-09-01T16:20:34.675097+00:00
187,albumartarchive,instagram,albumartarchive,https://www.instagram.com/albumartarchive/,posts,-1,tier1,1,2026-09-01T16:20:34.687532+00:00,2026-09-01T16:20:34.698213+00:00
8,alexandersgirbu,instagram,alexandersgirbu,https://www.instagram.com/alexandersgirbu/,posts,-1,tier1,1,2026-08-14T10:16:44.461596+00:00,2026-09-01T16:20:34.722730+00:00
188,alice7thwave,instagram,alice7thwave,https://www.instagram.com/alice7thwave/,posts,-1,tier1,1,2026-09-01T16:20:34.736600+00:00,2026-09-01T16:20:34.750053+00:00
189,amandaperry,instagram,amandaperry,https://www.instagram.com/amandaperry/,posts,-1,tier1,1,2026-09-01T16:20:34.760489+00:00,2026-09-01T16:20:34.772837+00:00
190,andre.invests,instagram,andre.invests,https://www.instagram.com/andre.invests/,posts,-1,tier1,1,2026-09-01T16:20:34.783151+00:00,2026-09-01T16:20:34.796393+00:00
191,andreaputorti.games,instagram,andreaputorti.games,https://www.instagram.com/andreaputorti.games/,posts,-1,tier1,1,2026-09-01T16:20:34.810357+00:00,2026-09-01T16:20:34.821484+00:00
9,andrewwarner,instagram,andrewwarner,https://www.instagram.com/andrewwarner/,posts,-1,tier1,1,2026-08-14T10:16:44.464733+00:00,2026-09-01T16:20:34.846693+00:00
192,angelenees.ugc,instagram,angelenees.ugc,https://www.instagram.com/angelenees.ugc/,posts,-1,tier1,1,2026-09-01T16:20:34.862475+00:00,2026-09-01T16:20:34.874820+00:00
193,angelo.chapters,instagram,angelo.chapters,https://www.instagram.com/angelo.chapters/,posts,-1,tier1,1,2026-09-01T16:20:34.886665+00:00,2026-09-01T16:20:34.897083+00:00
10,angus.sewell,instagram,angus.sewell,https://www.instagram.com/angus.sewell/,posts,-1,tier1,1,2026-08-14T10:16:44.468257+00:00,2026-09-01T16:20:34.923084+00:00
11,animee_recon,instagram,animee_recon,https://www.instagram.com/animee_recon/,posts,-1,tier1,1,2026-08-14T10:16:44.470250+00:00,2026-09-01T16:20:34.948811+00:00
194,anthonydelucv,instagram,anthonydelucv,https://www.instagram.com/anthonydelucv/,posts,-1,tier1,1,2026-09-01T16:20:34.961171+00:00,2026-09-01T16:20:34.974073+00:00
195,anuj.abroad,instagram,anuj.abroad,https://www.instagram.com/anuj.abroad/,posts,-1,tier1,1,2026-09-01T16:20:34.984712+00:00,2026-09-01T16:20:34.997029+00:00
196,archieauburn,instagram,archieauburn,https://www.instagram.com/archieauburn/,posts,-1,tier1,1,2026-09-01T16:20:35.009118+00:00,2026-09-01T16:20:35.020256+00:00
649,ariana.lpca,instagram,ariana.lpca,https://www.instagram.com/ariana.lpca/,posts,30,tier1,1,2026-09-05T19:32:46.666762+00:00,2026-09-05T19:32:46.666762+00:00
197,arianapofficial,instagram,arianapofficial,https://www.instagram.com/arianapofficial/,posts,-1,tier1,1,2026-09-01T16:20:35.031251+00:00,2026-09-01T16:20:35.044048+00:00
12,arianeanusbigian,instagram,arianeanusbigian,https://www.instagram.com/arianeanusbigian/,posts,-1,tier1,1,2026-08-14T10:16:44.472522+00:00,2026-09-01T16:20:35.066245+00:00
198,arlanoa.st,instagram,arlanoa.st,https://www.instagram.com/arlanoa.st/,posts,-1,tier1,1,2026-09-01T16:20:35.078652+00:00,2026-09-01T16:20:35.090653+00:00
199,artem.novitckii,instagram,artem.novitckii,https://www.instagram.com/artem.novitckii/,posts,-1,tier1,1,2026-09-01T16:20:35.103102+00:00,2026-09-01T16:20:35.114655+00:00
13,artificialintelligencecountry,instagram,artificialintelligencecountry,https://www.instagram.com/artificialintelligencecountry/,posts,-1,tier1,1,2026-08-14T10:16:44.475273+00:00,2026-09-01T16:20:35.140303+00:00
200,artificialintelligenceupdater,instagram,artificialintelligenceupdater,https://www.instagram.com/artificialintelligenceupdater/,posts,-1,tier1,1,2026-09-01T16:20:35.153741+00:00,2026-09-01T16:20:35.167645+00:00
201,artificialntellligence,instagram,artificialntellligence,https://www.instagram.com/artificialntellligence/,posts,-1,tier1,1,2026-09-01T16:20:35.178717+00:00,2026-09-01T16:20:35.191952+00:00
202,artificialzone,instagram,artificialzone,https://www.instagram.com/artificialzone/,posts,-1,tier1,1,2026-09-01T16:20:35.203209+00:00,2026-09-01T16:20:35.214517+00:00
203,artlist.io,instagram,artlist.io,https://www.instagram.com/artlist.io/,posts,-1,tier1,1,2026-09-01T16:20:35.227582+00:00,2026-09-01T16:20:35.239174+00:00
204,ascendthroughfocus,instagram,ascendthroughfocus,https://www.instagram.com/ascendthroughfocus/,posts,-1,tier1,1,2026-09-01T16:20:35.250661+00:00,2026-09-01T16:20:35.262892+00:00
205,ashharrisprod,instagram,ashharrisprod,https://www.instagram.com/ashharrisprod/,posts,-1,tier1,1,2026-09-01T16:20:35.278256+00:00,2026-09-01T16:20:35.289622+00:00
206,ashoksangireddyy,instagram,ashoksangireddyy,https://www.instagram.com/ashoksangireddyy/,posts,-1,tier1,1,2026-09-01T16:20:35.301128+00:00,2026-09-01T16:20:35.313149+00:00
207,ashwharris,instagram,ashwharris,https://www.instagram.com/ashwharris/,posts,-1,tier1,1,2026-09-01T16:20:35.324628+00:00,2026-09-01T16:20:35.337858+00:00
208,askcatgpt,instagram,askcatgpt,https://www.instagram.com/askcatgpt/,posts,-1,tier1,1,2026-09-01T16:20:35.349985+00:00,2026-09-01T16:20:35.362993+00:00
209,askclaudee,instagram,askclaudee,https://www.instagram.com/askclaudee/,posts,-1,tier1,1,2026-09-01T16:20:35.375167+00:00,2026-09-01T16:20:35.387487+00:00
210,askgpts,instagram,askgpts,https://www.instagram.com/askgpts/,posts,-1,tier1,1,2026-09-01T16:20:35.399960+00:00,2026-09-01T16:20:35.412650+00:00
14,asteriskcreate,instagram,asteriskcreate,https://www.instagram.com/asteriskcreate/,posts,-1,tier1,1,2026-08-14T10:16:44.476934+00:00,2026-09-01T16:20:35.437426+00:00
15,atlasberry008,instagram,atlasberry008,https://www.instagram.com/atlasberry008/,posts,-1,tier1,1,2026-08-14T10:16:44.478650+00:00,2026-09-01T16:20:35.465557+00:00
211,aub.flighthacks,instagram,aub.flighthacks,https://www.instagram.com/aub.flighthacks/,posts,-1,tier1,1,2026-09-01T16:20:35.478455+00:00,2026-09-01T16:20:35.490406+00:00
212,audreycaprianni,instagram,audreycaprianni,https://www.instagram.com/audreycaprianni/,posts,-1,tier1,1,2026-09-01T16:20:35.501657+00:00,2026-09-01T16:20:35.513069+00:00
213,avi_vashishta29,instagram,avi_vashishta29,https://www.instagram.com/avi_vashishta29/,posts,-1,tier1,1,2026-09-01T16:20:35.524903+00:00,2026-09-01T16:20:35.537314+00:00
641,axengardwatches,instagram,axengardwatches,https://www.instagram.com/axengardwatches/,posts,30,tier1,1,2026-09-05T19:32:46.666762+00:00,2026-09-05T19:32:46.666762+00:00
214,aykhanium,instagram,aykhanium,https://www.instagram.com/aykhanium/,posts,-1,tier1,1,2026-09-01T16:20:35.550302+00:00,2026-09-01T16:20:35.561791+00:00
215,baniascodes,instagram,baniascodes,https://www.instagram.com/baniascodes/,posts,-1,tier1,1,2026-09-01T16:20:35.573344+00:00,2026-09-01T16:20:35.587388+00:00
216,bankwithnico,instagram,bankwithnico,https://www.instagram.com/bankwithnico/,posts,-1,tier1,1,2026-09-01T16:20:35.598547+00:00,2026-09-01T16:20:35.611506+00:00
217,baptisteodonovan,instagram,baptisteodonovan,https://www.instagram.com/baptisteodonovan/,posts,-1,tier1,1,2026-09-01T16:20:35.625149+00:00,2026-09-01T16:20:35.642135+00:00
218,barnes_bassinarcachon,instagram,barnes_bassinarcachon,https://www.instagram.com/barnes_bassinarcachon/,posts,-1,tier1,1,2026-09-01T16:20:35.655715+00:00,2026-09-01T16:20:35.670197+00:00
219,bashi_fuirkashi,instagram,bashi_fuirkashi,https://www.instagram.com/bashi_fuirkashi/,posts,-1,tier1,1,2026-09-01T16:20:35.684359+00:00,2026-09-01T16:20:35.704482+00:00
220,bazouzii,instagram,bazouzii,https://www.instagram.com/bazouzii/,posts,-1,tier1,1,2026-09-01T16:20:35.716717+00:00,2026-09-01T16:20:35.728196+00:00
221,beau_norton,instagram,beau_norton,https://www.instagram.com/beau_norton/,posts,-1,tier1,1,2026-09-01T16:20:35.740504+00:00,2026-09-01T16:20:35.754269+00:00
222,bencera,instagram,bencera,https://www.instagram.com/bencera/,posts,-1,tier1,1,2026-09-01T16:20:35.765709+00:00,2026-09-01T16:20:35.779672+00:00
223,benkaluza.ai,instagram,benkaluza.ai,https://www.instagram.com/benkaluza.ai/,posts,-1,tier1,1,2026-09-01T16:20:35.793222+00:00,2026-09-01T16:20:35.805823+00:00
224,bennettx.ai,instagram,bennettx.ai,https://www.instagram.com/bennettx.ai/,posts,-1,tier1,1,2026-09-01T16:20:35.818394+00:00,2026-09-01T16:20:35.831815+00:00
225,bensufiani,instagram,bensufiani,https://www.instagram.com/bensufiani/,posts,-1,tier1,1,2026-09-01T16:20:35.844858+00:00,2026-09-01T16:20:35.857105+00:00
226,bestapps.ai,instagram,bestapps.ai,https://www.instagram.com/bestapps.ai/,posts,-1,tier1,1,2026-09-01T16:20:35.869542+00:00,2026-09-01T16:20:35.882363+00:00
16,beverlyhillsaerials,instagram,beverlyhillsaerials,https://www.instagram.com/beverlyhillsaerials/,posts,-1,tier1,1,2026-08-14T10:16:44.480133+00:00,2026-09-01T16:20:35.906676+00:00
227,bigc7_cards,instagram,bigc7_cards,https://www.instagram.com/bigc7_cards/,posts,-1,tier1,1,2026-09-01T16:20:35.918616+00:00,2026-09-01T16:20:35.929831+00:00
228,billy_invests,instagram,billy_invests,https://www.instagram.com/billy_invests/,posts,-1,tier1,1,2026-09-01T16:20:35.939843+00:00,2026-09-01T16:20:35.951116+00:00
229,bitterbuilds,instagram,bitterbuilds,https://www.instagram.com/bitterbuilds/,posts,-1,tier1,1,2026-09-01T16:20:35.963134+00:00,2026-09-01T16:20:35.973078+00:00
17,blackbritishculture,instagram,blackbritishculture,https://www.instagram.com/blackbritishculture/,posts,-1,tier1,1,2026-08-14T10:16:44.481598+00:00,2026-09-01T16:20:35.995793+00:00
18,blakeandersonw,instagram,blakeandersonw,https://www.instagram.com/blakeandersonw/,posts,-1,tier1,1,2026-08-14T10:16:44.483184+00:00,2026-09-01T16:20:36.016899+00:00
230,blueviper.ai,instagram,blueviper.ai,https://www.instagram.com/blueviper.ai/,posts,-1,tier1,1,2026-09-01T16:20:36.029142+00:00,2026-09-01T16:20:36.041386+00:00
677,boatandbridge,instagram,boatandbridge,https://www.instagram.com/boatandbridge/,posts,30,tier1,1,2026-09-05T19:32:46.666762+00:00,2026-09-05T19:32:46.666762+00:00
231,bon_appeties,instagram,bon_appeties,https://www.instagram.com/bon_appeties/,posts,-1,tier1,1,2026-09-01T16:20:36.052190+00:00,2026-09-01T16:20:36.063402+00:00
19,bonesdesign.co,instagram,bonesdesign.co,https://www.instagram.com/bonesdesign.co/,posts,-1,tier1,1,2026-08-14T10:16:44.485505+00:00,2026-09-01T16:20:36.085047+00:00
232,bonusfootage,instagram,bonusfootage,https://www.instagram.com/bonusfootage/,posts,-1,tier1,1,2026-09-01T16:20:36.095875+00:00,2026-09-01T16:20:36.105753+00:00
233,borja.obeso,instagram,borja.obeso,https://www.instagram.com/borja.obeso/,posts,-1,tier1,1,2026-09-01T16:20:36.117756+00:00,2026-09-01T16:20:36.129440+00:00
234,briarcochran,instagram,briarcochran,https://www.instagram.com/briarcochran/,posts,-1,tier1,1,2026-09-01T16:20:36.139284+00:00,2026-09-01T16:20:36.149715+00:00
658,brooke_horras,instagram,brooke_horras,https://www.instagram.com/brooke_horras/,posts,30,tier1,1,2026-09-05T19:32:46.666762+00:00,2026-09-05T19:32:46.666762+00:00
235,buildingwiththane,instagram,buildingwiththane,https://www.instagram.com/buildingwiththane/,posts,-1,tier1,1,2026-09-01T16:20:36.162486+00:00,2026-09-01T16:20:36.173310+00:00
236,buildwithneej,instagram,buildwithneej,https://www.instagram.com/buildwithneej/,posts,-1,tier1,1,2026-09-01T16:20:36.184369+00:00,2026-09-01T16:20:36.197655+00:00
237,buildwithnico,instagram,buildwithnico,https://www.instagram.com/buildwithnico/,posts,-1,tier1,1,2026-09-01T16:20:36.210721+00:00,2026-09-01T16:20:36.221503+00:00
238,byaditimishra,instagram,byaditimishra,https://www.instagram.com/byaditimishra/,posts,-1,tier1,1,2026-09-01T16:20:36.233068+00:00,2026-09-01T16:20:36.244026+00:00
239,bybetterhuman,instagram,bybetterhuman,https://www.instagram.com/bybetterhuman/,posts,-1,tier1,1,2026-09-01T16:20:36.254679+00:00,2026-09-01T16:20:36.265025+00:00
20,byjackprice,instagram,byjackprice,https://www.instagram.com/byjackprice/,posts,-1,tier1,1,2026-08-14T10:16:44.487689+00:00,2026-09-01T16:20:36.285880+00:00
240,byjoeym,instagram,byjoeym,https://www.instagram.com/byjoeym/,posts,-1,tier1,1,2026-09-01T16:20:36.298586+00:00,2026-09-01T16:20:36.309924+00:00
241,bykajaa,instagram,bykajaa,https://www.instagram.com/bykajaa/,posts,-1,tier1,1,2026-09-01T16:20:36.321821+00:00,2026-09-01T16:20:36.333718+00:00
242,bytommypark,instagram,bytommypark,https://www.instagram.com/bytommypark/,posts,-1,tier1,1,2026-09-01T16:20:36.345187+00:00,2026-09-01T16:20:36.357194+00:00
21,WAVIBOY | AI Creative Direction,instagram,bywaviboy,https://www.instagram.com/bywaviboy/,posts,-1,tier1,1,2026-08-14T10:16:44.492101+00:00,2026-09-02T06:49:28.639594+00:00
22,cache_bunny,instagram,cache_bunny,https://www.instagram.com/cache_bunny/,posts,-1,tier1,1,2026-08-14T10:16:44.494885+00:00,2026-09-01T16:20:36.401777+00:00
244,caelahstanley,instagram,caelahstanley,https://www.instagram.com/caelahstanley/,posts,-1,tier1,1,2026-09-01T16:20:36.417191+00:00,2026-09-01T16:20:36.432486+00:00
23,canam3wheel,instagram,canam3wheel,https://www.instagram.com/canam3wheel/,posts,-1,tier1,1,2026-08-14T10:16:44.497614+00:00,2026-09-01T16:20:36.457803+00:00
672,candace.png,instagram,candace.png,https://www.instagram.com/candace.png/,posts,30,tier1,1,2026-09-05T19:32:46.666762+00:00,2026-09-05T19:32:46.666762+00:00
245,capcutapp,instagram,capcutapp,https://www.instagram.com/capcutapp/,posts,-1,tier1,1,2026-09-01T16:20:36.470144+00:00,2026-09-01T16:20:36.480747+00:00
246,careerlabcollective,instagram,careerlabcollective,https://www.instagram.com/careerlabcollective/,posts,-1,tier1,1,2026-09-01T16:20:36.495944+00:00,2026-09-01T16:20:36.507880+00:00
247,carol.yaps,instagram,carol.yaps,https://www.instagram.com/carol.yaps/,posts,-1,tier1,1,2026-09-01T16:20:36.521710+00:00,2026-09-01T16:20:36.532984+00:00
248,carterperez.dev,instagram,carterperez.dev,https://www.instagram.com/carterperez.dev/,posts,-1,tier1,1,2026-09-01T16:20:36.545528+00:00,2026-09-01T16:20:36.556840+00:00
24,cassandravantriet,instagram,cassandravantriet,https://www.instagram.com/cassandravantriet/,posts,-1,tier1,1,2026-08-14T10:16:44.500305+00:00,2026-09-01T16:20:36.582766+00:00
25,ceozac,instagram,ceozac,https://www.instagram.com/ceozac/,posts,-1,tier1,1,2026-08-14T10:16:44.502775+00:00,2026-09-01T16:20:36.606417+00:00
249,charlene.cong,instagram,charlene.cong,https://www.instagram.com/charlene.cong/,posts,-1,tier1,1,2026-09-01T16:20:36.618571+00:00,2026-09-01T16:20:36.629640+00:00
26,charlieautomates,instagram,charlieautomates,https://www.instagram.com/charlieautomates/,posts,-1,tier1,1,2026-08-14T10:16:44.504989+00:00,2026-09-01T16:20:36.651651+00:00
27,chase.h.ai,instagram,chase.h.ai,https://www.instagram.com/chase.h.ai/,posts,-1,tier1,1,2026-08-14T10:16:44.508223+00:00,2026-09-01T16:20:36.675656+00:00
667,chels_fish,instagram,chels_fish,https://www.instagram.com/chels_fish/,posts,30,tier1,1,2026-09-05T19:32:46.666762+00:00,2026-09-05T19:32:46.666762+00:00
250,chrissy.vc,instagram,chrissy.vc,https://www.instagram.com/chrissy.vc/,posts,-1,tier1,1,2026-09-01T16:20:36.694678+00:00,2026-09-01T16:20:36.711903+00:00
251,chriswillx,instagram,chriswillx,https://www.instagram.com/chriswillx/,posts,-1,tier1,1,2026-09-01T16:20:36.727116+00:00,2026-09-01T16:20:36.742254+00:00
252,chukmedia,instagram,chukmedia,https://www.instagram.com/chukmedia/,posts,-1,tier1,1,2026-09-01T16:20:36.753800+00:00,2026-09-01T16:20:36.765152+00:00
28,chupumballs,instagram,chupumballs,https://www.instagram.com/chupumballs/,posts,-1,tier1,1,2026-08-14T10:16:44.510786+00:00,2026-09-01T16:20:36.788900+00:00
29,cjtrowbridge,instagram,cjtrowbridge,https://www.instagram.com/cjtrowbridge/,posts,-1,tier1,1,2026-08-14T10:16:44.513216+00:00,2026-09-01T16:20:36.811649+00:00
253,clairelikesyou,instagram,clairelikesyou,https://www.instagram.com/clairelikesyou/,posts,-1,tier1,1,2026-09-01T16:20:36.824058+00:00,2026-09-01T16:20:36.835131+00:00
254,clairexplains,instagram,clairexplains,https://www.instagram.com/clairexplains/,posts,-1,tier1,1,2026-09-01T16:20:36.847904+00:00,2026-09-01T16:20:36.860934+00:00
255,claudeai,instagram,claudeai,https://www.instagram.com/claudeai/,posts,-1,tier1,1,2026-09-01T16:20:36.872867+00:00,2026-09-01T16:20:36.885096+00:00
256,clothingbrandzco,instagram,clothingbrandzco,https://www.instagram.com/clothingbrandzco/,posts,-1,tier1,1,2026-09-01T16:20:36.898580+00:00,2026-09-01T16:20:36.910043+00:00
257,cloutninepod,instagram,cloutninepod,https://www.instagram.com/cloutninepod/,posts,-1,tier1,1,2026-09-01T16:20:36.923043+00:00,2026-09-01T16:20:36.934991+00:00
258,coachkunaalnaik,instagram,coachkunaalnaik,https://www.instagram.com/coachkunaalnaik/,posts,-1,tier1,1,2026-09-01T16:20:36.948335+00:00,2026-09-01T16:20:36.960677+00:00
30,coachkyle,instagram,coachkyle,https://www.instagram.com/coachkyle/,posts,-1,tier1,1,2026-08-14T10:16:44.515579+00:00,2026-09-01T16:20:36.985640+00:00
259,coachyayapro,instagram,coachyayapro,https://www.instagram.com/coachyayapro/,posts,-1,tier1,1,2026-09-01T16:20:37.000957+00:00,2026-09-01T16:20:37.013303+00:00
260,code2careerai,instagram,code2careerai,https://www.instagram.com/code2careerai/,posts,-1,tier1,1,2026-09-01T16:20:37.025514+00:00,2026-09-01T16:20:37.037208+00:00
261,codenameposhan,instagram,codenameposhan,https://www.instagram.com/codenameposhan/,posts,-1,tier1,1,2026-09-01T16:20:37.049600+00:00,2026-09-01T16:20:37.062390+00:00
262,codersheary,instagram,codersheary,https://www.instagram.com/codersheary/,posts,-1,tier1,1,2026-09-01T16:20:37.074675+00:00,2026-09-01T16:20:37.086413+00:00
263,codewithayansh,instagram,codewithayansh,https://www.instagram.com/codewithayansh/,posts,-1,tier1,1,2026-09-01T16:20:37.097264+00:00,2026-09-01T16:20:37.110098+00:00
264,codingknowledge,instagram,codingknowledge,https://www.instagram.com/codingknowledge/,posts,-1,tier1,1,2026-09-01T16:20:37.120788+00:00,2026-09-01T16:20:37.132532+00:00
265,codingmermaid.ai,instagram,codingmermaid.ai,https://www.instagram.com/codingmermaid.ai/,posts,-1,tier1,1,2026-09-01T16:20:37.146890+00:00,2026-09-01T16:20:37.160799+00:00
266,coffeebeansdev,instagram,coffeebeansdev,https://www.instagram.com/coffeebeansdev/,posts,-1,tier1,1,2026-09-01T16:20:37.173407+00:00,2026-09-01T16:20:37.184324+00:00
31,colinstuckert,instagram,colinstuckert,https://www.instagram.com/colinstuckert/,posts,-1,tier1,1,2026-08-14T10:16:44.517148+00:00,2026-09-01T16:20:37.205671+00:00
267,collective_career_lab,instagram,collective_career_lab,https://www.instagram.com/collective_career_lab/,posts,-1,tier1,1,2026-09-01T16:20:37.217265+00:00,2026-09-01T16:20:37.230971+00:00
32,communityartistry,instagram,communityartistry,https://www.instagram.com/communityartistry/,posts,-1,tier1,1,2026-08-14T10:16:44.518598+00:00,2026-09-01T16:20:37.252471+00:00
268,conscious.spend,instagram,conscious.spend,https://www.instagram.com/conscious.spend/,posts,-1,tier1,1,2026-09-01T16:20:37.262231+00:00,2026-09-01T16:20:37.272059+00:00
33,cooper.simson,instagram,cooper.simson,https://www.instagram.com/cooper.simson/,posts,-1,tier1,1,2026-08-14T10:16:44.520071+00:00,2026-09-01T16:20:37.294376+00:00
34,cormacbuilds,instagram,cormacbuilds,https://www.instagram.com/cormacbuilds/,posts,-1,tier1,1,2026-08-14T10:16:44.521566+00:00,2026-09-01T16:20:37.317777+00:00
269,craftwork.design,instagram,craftwork.design,https://www.instagram.com/craftwork.design/,posts,-1,tier1,1,2026-09-01T16:20:37.331058+00:00,2026-09-01T16:20:37.341968+00:00
270,createwjosh,instagram,createwjosh,https://www.instagram.com/createwjosh/,posts,-1,tier1,1,2026-09-01T16:20:37.352463+00:00,2026-09-01T16:20:37.362807+00:00
35,creation.visuals,instagram,creation.visuals,https://www.instagram.com/creation.visuals/,posts,-1,tier1,1,2026-08-14T10:16:44.524538+00:00,2026-09-01T16:20:37.385494+00:00
271,creative_vaani,instagram,creative_vaani,https://www.instagram.com/creative_vaani/,posts,-1,tier1,1,2026-09-01T16:20:37.398985+00:00,2026-09-01T16:20:37.411464+00:00
36,creatorgabe,instagram,creatorgabe,https://www.instagram.com/creatorgabe/,posts,-1,tier1,1,2026-08-14T10:16:44.528129+00:00,2026-09-01T16:20:37.434095+00:00
37,crsnscott,instagram,crsnscott,https://www.instagram.com/crsnscott/,posts,-1,tier1,1,2026-08-14T10:16:44.531107+00:00,2026-09-01T16:20:37.455376+00:00
628,cubed.technologies,instagram,cubed.technologies,https://www.instagram.com/cubed.technologies/,posts,30,tier1,1,2026-09-05T19:32:46.666762+00:00,2026-09-05T19:32:46.666762+00:00
272,cyb3rmaddy,instagram,cyb3rmaddy,https://www.instagram.com/cyb3rmaddy/,posts,-1,tier1,1,2026-09-01T16:20:37.465109+00:00,2026-09-01T16:20:37.476486+00:00
273,cyberjasbytes,instagram,cyberjasbytes,https://www.instagram.com/cyberjasbytes/,posts,-1,tier1,1,2026-09-01T16:20:37.488088+00:00,2026-09-01T16:20:37.500210+00:00
274,dadofstartup,instagram,dadofstartup,https://www.instagram.com/dadofstartup/,posts,-1,tier1,1,2026-09-01T16:20:37.513329+00:00,2026-09-01T16:20:37.523974+00:00
275,dailydatadose.ai,instagram,dailydatadose.ai,https://www.instagram.com/dailydatadose.ai/,posts,-1,tier1,1,2026-09-01T16:20:37.535135+00:00,2026-09-01T16:20:37.544812+00:00
276,dailydoseofds_,instagram,dailydoseofds_,https://www.instagram.com/dailydoseofds_/,posts,-1,tier1,1,2026-09-01T16:20:37.555959+00:00,2026-09-01T16:20:37.566272+00:00
277,dakota.hermes,instagram,dakota.hermes,https://www.instagram.com/dakota.hermes/,posts,-1,tier1,1,2026-09-01T16:20:37.577795+00:00,2026-09-01T16:20:37.589195+00:00
278,dana.discovers,instagram,dana.discovers,https://www.instagram.com/dana.discovers/,posts,-1,tier1,1,2026-09-01T16:20:37.598769+00:00,2026-09-01T16:20:37.611435+00:00
38,daniel.margu,instagram,daniel.margu,https://www.instagram.com/daniel.margu/,posts,-1,tier1,1,2026-08-14T10:16:44.532840+00:00,2026-09-01T16:20:37.634900+00:00
39,daniel.margusov,instagram,daniel.margusov,https://www.instagram.com/daniel.margusov/,posts,-1,tier1,1,2026-08-14T10:16:44.534440+00:00,2026-09-01T16:20:37.659495+00:00
279,danlhw,instagram,danlhw,https://www.instagram.com/danlhw/,posts,-1,tier1,1,2026-09-01T16:20:37.671219+00:00,2026-09-01T16:20:37.680915+00:00
40,danontheguitar,instagram,danontheguitar,https://www.instagram.com/danontheguitar/,posts,-1,tier1,1,2026-08-14T10:16:44.536475+00:00,2026-09-01T16:20:37.705621+00:00
280,darryl.mcivor,instagram,darryl.mcivor,https://www.instagram.com/darryl.mcivor/,posts,-1,tier1,1,2026-09-01T16:20:37.718335+00:00,2026-09-01T16:20:37.733117+00:00
281,daviss.dev,instagram,daviss.dev,https://www.instagram.com/daviss.dev/,posts,-1,tier1,1,2026-09-01T16:20:37.746057+00:00,2026-09-01T16:20:37.755685+00:00
282,declan.middleton,instagram,declan.middleton,https://www.instagram.com/declan.middleton/,posts,-1,tier1,1,2026-09-01T16:20:37.766422+00:00,2026-09-01T16:20:37.777971+00:00
283,dempseydebrief,instagram,dempseydebrief,https://www.instagram.com/dempseydebrief/,posts,-1,tier1,1,2026-09-01T16:20:37.789225+00:00,2026-09-01T16:20:37.800954+00:00
284,deonnahodges,instagram,deonnahodges,https://www.instagram.com/deonnahodges/,posts,-1,tier1,1,2026-09-01T16:20:37.813461+00:00,2026-09-01T16:20:37.825579+00:00
285,derrickfromzero,instagram,derrickfromzero,https://www.instagram.com/derrickfromzero/,posts,-1,tier1,1,2026-09-01T16:20:37.837448+00:00,2026-09-01T16:20:37.849203+00:00
41,design4me__,instagram,design4me__,https://www.instagram.com/design4me__/,posts,-1,tier1,1,2026-08-14T10:16:44.538005+00:00,2026-09-01T16:20:37.870045+00:00
286,designfamilymarket,instagram,designfamilymarket,https://www.instagram.com/designfamilymarket/,posts,-1,tier1,1,2026-09-01T16:20:37.880799+00:00,2026-09-01T16:20:37.892037+00:00
287,designwithcloud,instagram,designwithcloud,https://www.instagram.com/designwithcloud/,posts,-1,tier1,1,2026-09-01T16:20:37.902764+00:00,2026-09-01T16:20:37.913336+00:00
42,devinmargan,instagram,devinmargan,https://www.instagram.com/devinmargan/,posts,-1,tier1,1,2026-08-14T10:16:44.539765+00:00,2026-09-01T16:20:37.935687+00:00
43,digitalprocess,instagram,digitalprocess,https://www.instagram.com/digitalprocess/,posts,-1,tier1,1,2026-08-14T10:16:44.541745+00:00,2026-09-01T16:20:37.958766+00:00
288,dillonsdeals,instagram,dillonsdeals,https://www.instagram.com/dillonsdeals/,posts,-1,tier1,1,2026-09-01T16:20:37.970826+00:00,2026-09-01T16:20:37.981699+00:00
44,divyannshisharma,instagram,divyannshisharma,https://www.instagram.com/divyannshisharma/,posts,-1,tier1,1,2026-08-14T10:16:44.543146+00:00,2026-09-01T16:20:38.003417+00:00
289,dizzybeemarketing,instagram,dizzybeemarketing,https://www.instagram.com/dizzybeemarketing/,posts,-1,tier1,1,2026-09-01T16:20:38.015733+00:00,2026-09-01T16:20:38.026548+00:00
290,douggrindstaff,instagram,douggrindstaff,https://www.instagram.com/douggrindstaff/,posts,-1,tier1,1,2026-09-01T16:20:38.038496+00:00,2026-09-01T16:20:38.049830+00:00
291,dr.james.utley,instagram,dr.james.utley,https://www.instagram.com/dr.james.utley/,posts,-1,tier1,1,2026-09-01T16:20:38.060358+00:00,2026-09-01T16:20:38.070215+00:00
292,drewskidigital,instagram,drewskidigital,https://www.instagram.com/drewskidigital/,posts,-1,tier1,1,2026-09-01T16:20:38.082937+00:00,2026-09-01T16:20:38.096146+00:00
45,drunksewingcompetition,instagram,drunksewingcompetition,https://www.instagram.com/drunksewingcompetition/,posts,-1,tier1,1,2026-08-14T10:16:44.544688+00:00,2026-09-01T16:20:38.121000+00:00
293,dscrmarc,instagram,dscrmarc,https://www.instagram.com/dscrmarc/,posts,-1,tier1,1,2026-09-01T16:20:38.131751+00:00,2026-09-01T16:20:38.143703+00:00
650,dylanaleckson,instagram,dylanaleckson,https://www.instagram.com/dylanaleckson/,posts,30,tier1,1,2026-09-05T19:32:46.666762+00:00,2026-09-05T19:32:46.666762+00:00
294,dylans.link,instagram,dylans.link,https://www.instagram.com/dylans.link/,posts,-1,tier1,1,2026-09-01T16:20:38.155392+00:00,2026-09-01T16:20:38.166912+00:00
295,dylantettemer,instagram,dylantettemer,https://www.instagram.com/dylantettemer/,posts,-1,tier1,1,2026-09-01T16:20:38.178642+00:00,2026-09-01T16:20:38.189950+00:00
296,dylp.rompts,instagram,dylp.rompts,https://www.instagram.com/dylp.rompts/,posts,-1,tier1,1,2026-09-01T16:20:38.202362+00:00,2026-09-01T16:20:38.213591+00:00
297,earlystartupdays,instagram,earlystartupdays,https://www.instagram.com/earlystartupdays/,posts,-1,tier1,1,2026-09-01T16:20:38.225236+00:00,2026-09-01T16:20:38.239146+00:00
298,ecomlam,instagram,ecomlam,https://www.instagram.com/ecomlam/,posts,-1,tier1,1,2026-09-01T16:20:38.250044+00:00,2026-09-01T16:20:38.259918+00:00
299,edhonour,instagram,edhonour,https://www.instagram.com/edhonour/,posts,-1,tier1,1,2026-09-01T16:20:38.271874+00:00,2026-09-01T16:20:38.283752+00:00
46,edit.party,instagram,edit.party,https://www.instagram.com/edit.party/,posts,-1,tier1,1,2026-08-14T10:16:44.548076+00:00,2026-09-01T16:20:38.307631+00:00
300,editwlola,instagram,editwlola,https://www.instagram.com/editwlola/,posts,-1,tier1,1,2026-09-01T16:20:38.320948+00:00,2026-09-01T16:20:38.333346+00:00
301,edward.builds,instagram,edward.builds,https://www.instagram.com/edward.builds/,posts,-1,tier1,1,2026-09-01T16:20:38.347032+00:00,2026-09-01T16:20:38.361033+00:00
669,elaineexactly,instagram,elaineexactly,https://www.instagram.com/elaineexactly/,posts,30,tier1,1,2026-09-05T19:32:46.666762+00:00,2026-09-05T19:32:46.666762+00:00
47,electroformaint,instagram,electroformaint,https://www.instagram.com/electroformaint/,posts,-1,tier1,1,2026-08-14T10:16:44.550812+00:00,2026-09-01T16:20:38.380738+00:00
302,elicoleman_,instagram,elicoleman_,https://www.instagram.com/elicoleman_/,posts,-1,tier1,1,2026-09-01T16:20:38.391617+00:00,2026-09-01T16:20:38.401379+00:00
303,eliicolussi_,instagram,eliicolussi_,https://www.instagram.com/eliicolussi_/,posts,-1,tier1,1,2026-09-01T16:20:38.412093+00:00,2026-09-01T16:20:38.423592+00:00
304,ellydoesdesign,instagram,ellydoesdesign,https://www.instagram.com/ellydoesdesign/,posts,-1,tier1,1,2026-09-01T16:20:38.434589+00:00,2026-09-01T16:20:38.445305+00:00
305,email_jeremy,instagram,email_jeremy,https://www.instagram.com/email_jeremy/,posts,-1,tier1,1,2026-09-01T16:20:38.457151+00:00,2026-09-01T16:20:38.468978+00:00
648,empowered.nyu,instagram,empowered.nyu,https://www.instagram.com/empowered.nyu/,posts,30,tier1,1,2026-09-05T19:32:46.666762+00:00,2026-09-05T19:32:46.666762+00:00
48,epicmotion,instagram,epicmotion,https://www.instagram.com/epicmotion/,posts,-1,tier1,1,2026-08-14T10:16:44.553759+00:00,2026-09-01T16:20:38.493840+00:00
306,ericofchong,instagram,ericofchong,https://www.instagram.com/ericofchong/,posts,-1,tier1,1,2026-09-01T16:20:38.506811+00:00,2026-09-01T16:20:38.518712+00:00
49,ericosiu,instagram,ericosiu,https://www.instagram.com/ericosiu/,posts,-1,tier1,1,2026-08-14T10:16:44.556586+00:00,2026-09-01T16:20:38.540876+00:00
50,erinmerylstudy,instagram,erinmerylstudy,https://www.instagram.com/erinmerylstudy/,posts,-1,tier1,1,2026-08-14T10:16:44.560024+00:00,2026-09-01T16:20:38.562203+00:00
51,ethanjbothwell,instagram,ethanjbothwell,https://www.instagram.com/ethanjbothwell/,posts,-1,tier1,1,2026-08-14T10:16:44.562130+00:00,2026-09-01T16:20:38.582892+00:00
307,ethanleblanc___,instagram,ethanleblanc___,https://www.instagram.com/ethanleblanc___/,posts,-1,tier1,1,2026-09-01T16:20:38.595434+00:00,2026-09-01T16:20:38.607390+00:00
308,ethanmcdonnell.mp4,instagram,ethanmcdonnell.mp4,https://www.instagram.com/ethanmcdonnell.mp4/,posts,-1,tier1,1,2026-09-01T16:20:38.618803+00:00,2026-09-01T16:20:38.630801+00:00
309,evanitodev,instagram,evanitodev,https://www.instagram.com/evanitodev/,posts,-1,tier1,1,2026-09-01T16:20:38.642661+00:00,2026-09-01T16:20:38.653996+00:00
52,evolving.ai,instagram,evolving.ai,https://www.instagram.com/evolving.ai/,posts,-1,tier1,1,2026-08-14T10:16:44.564576+00:00,2026-09-01T16:20:38.677386+00:00
53,fakeplasticbrands,instagram,fakeplasticbrands,https://www.instagram.com/fakeplasticbrands/,posts,-1,tier1,1,2026-08-14T10:16:44.567435+00:00,2026-09-01T16:20:38.697984+00:00
310,fez.infocus,instagram,fez.infocus,https://www.instagram.com/fez.infocus/,posts,-1,tier1,1,2026-09-01T16:20:38.709655+00:00,2026-09-01T16:20:38.722774+00:00
311,fifbuilds,instagram,fifbuilds,https://www.instagram.com/fifbuilds/,posts,-1,tier1,1,2026-09-01T16:20:38.743345+00:00,2026-09-01T16:20:38.755671+00:00
312,filatov.design,instagram,filatov.design,https://www.instagram.com/filatov.design/,posts,-1,tier1,1,2026-09-01T16:20:38.769370+00:00,2026-09-01T16:20:38.780345+00:00
313,firstprinciplesconsult,instagram,firstprinciplesconsult,https://www.instagram.com/firstprinciplesconsult/,posts,-1,tier1,1,2026-09-01T16:20:38.791132+00:00,2026-09-01T16:20:38.802256+00:00
54,florian.darroman,instagram,florian.darroman,https://www.instagram.com/florian.darroman/,posts,-1,tier1,1,2026-08-14T10:16:44.569997+00:00,2026-09-01T16:20:38.826145+00:00
314,flynny____,instagram,flynny____,https://www.instagram.com/flynny____/,posts,-1,tier1,1,2026-09-01T16:20:38.837807+00:00,2026-09-01T16:20:38.849030+00:00
315,foodieduesseldorf,instagram,foodieduesseldorf,https://www.instagram.com/foodieduesseldorf/,posts,-1,tier1,1,2026-09-01T16:20:38.859845+00:00,2026-09-01T16:20:38.870539+00:00
316,foundedceo,instagram,foundedceo,https://www.instagram.com/foundedceo/,posts,-1,tier1,1,2026-09-01T16:20:38.883152+00:00,2026-09-01T16:20:38.895349+00:00
55,fpm.stefan,instagram,fpm.stefan,https://www.instagram.com/fpm.stefan/,posts,-1,tier1,1,2026-08-14T10:16:44.572439+00:00,2026-09-01T16:20:38.917970+00:00
317,freddy.apps,instagram,freddy.apps,https://www.instagram.com/freddy.apps/,posts,-1,tier1,1,2026-09-01T16:20:38.928354+00:00,2026-09-01T16:20:38.938843+00:00
318,gabechiaa,instagram,gabechiaa,https://www.instagram.com/gabechiaa/,posts,-1,tier1,1,2026-09-01T16:20:38.949114+00:00,2026-09-01T16:20:38.960635+00:00
319,gamedevelopers,instagram,gamedevelopers,https://www.instagram.com/gamedevelopers/,posts,-1,tier1,1,2026-09-01T16:20:38.972335+00:00,2026-09-01T16:20:38.982994+00:00
320,gary_ashworth_uk,instagram,gary_ashworth_uk,https://www.instagram.com/gary_ashworth_uk/,posts,-1,tier1,1,2026-09-01T16:20:38.993523+00:00,2026-09-01T16:20:39.004287+00:00
321,generalistworld,instagram,generalistworld,https://www.instagram.com/generalistworld/,posts,-1,tier1,1,2026-09-01T16:20:39.016010+00:00,2026-09-01T16:20:39.026517+00:00
322,getshorttech,instagram,getshorttech,https://www.instagram.com/getshorttech/,posts,-1,tier1,1,2026-09-01T16:20:39.037177+00:00,2026-09-01T16:20:39.048877+00:00
323,ginyboi,instagram,ginyboi,https://www.instagram.com/ginyboi/,posts,-1,tier1,1,2026-09-01T16:20:39.061770+00:00,2026-09-01T16:20:39.074489+00:00
324,giorgiosancristoforo,instagram,giorgiosancristoforo,https://www.instagram.com/giorgiosancristoforo/,posts,-1,tier1,1,2026-09-01T16:20:39.085014+00:00,2026-09-01T16:20:39.096874+00:00
56,girsta,instagram,girsta,https://www.instagram.com/girsta/,posts,-1,tier1,1,2026-08-14T10:16:44.575234+00:00,2026-09-01T16:20:39.121628+00:00
325,github_unpacked,instagram,github_unpacked,https://www.instagram.com/github_unpacked/,posts,-1,tier1,1,2026-09-01T16:20:39.134482+00:00,2026-09-01T16:20:39.145564+00:00
326,githubawesome6,instagram,githubawesome6,https://www.instagram.com/githubawesome6/,posts,-1,tier1,1,2026-09-01T16:20:39.156416+00:00,2026-09-01T16:20:39.168843+00:00
57,githubsignals,instagram,githubsignals,https://www.instagram.com/githubsignals/,posts,-1,tier1,1,2026-08-14T10:16:44.577599+00:00,2026-09-01T16:20:39.192506+00:00
327,gitskins,instagram,gitskins,https://www.instagram.com/gitskins/,posts,-1,tier1,1,2026-09-01T16:20:39.202753+00:00,2026-09-01T16:20:39.217092+00:00
328,glassdoor,instagram,glassdoor,https://www.instagram.com/glassdoor/,posts,-1,tier1,1,2026-09-01T16:20:39.228298+00:00,2026-09-01T16:20:39.239578+00:00
329,gobi_automates,instagram,gobi_automates,https://www.instagram.com/gobi_automates/,posts,-1,tier1,1,2026-09-01T16:20:39.251451+00:00,2026-09-01T16:20:39.263460+00:00
330,godofprompt,instagram,godofprompt,https://www.instagram.com/godofprompt/,posts,-1,tier1,1,2026-09-01T16:20:39.275131+00:00,2026-09-01T16:20:39.286923+00:00
331,googlepixeluk,instagram,googlepixeluk,https://www.instagram.com/googlepixeluk/,posts,-1,tier1,1,2026-09-01T16:20:39.298683+00:00,2026-09-01T16:20:39.309456+00:00
332,googleuk,instagram,googleuk,https://www.instagram.com/googleuk/,posts,-1,tier1,1,2026-09-01T16:20:39.319486+00:00,2026-09-01T16:20:39.329636+00:00
333,gordeytools,instagram,gordeytools,https://www.instagram.com/gordeytools/,posts,-1,tier1,1,2026-09-01T16:20:39.340695+00:00,2026-09-01T16:20:39.351210+00:00
334,gpg.ai,instagram,gpg.ai,https://www.instagram.com/gpg.ai/,posts,-1,tier1,1,2026-09-01T16:20:39.362529+00:00,2026-09-01T16:20:39.374143+00:00
58,growchannels,instagram,growchannels,https://www.instagram.com/growchannels/,posts,-1,tier1,1,2026-08-14T10:16:44.580126+00:00,2026-09-01T16:20:39.396725+00:00
335,growithalex,instagram,growithalex,https://www.instagram.com/growithalex/,posts,-1,tier1,1,2026-09-01T16:20:39.411148+00:00,2026-09-01T16:20:39.422812+00:00
336,growthforbreakfast,instagram,growthforbreakfast,https://www.instagram.com/growthforbreakfast/,posts,-1,tier1,1,2026-09-01T16:20:39.433717+00:00,2026-09-01T16:20:39.445198+00:00
337,gwendolyneem,instagram,gwendolyneem,https://www.instagram.com/gwendolyneem/,posts,-1,tier1,1,2026-09-01T16:20:39.455780+00:00,2026-09-01T16:20:39.466669+00:00
338,h0neyp0t.sec,instagram,h0neyp0t.sec,https://www.instagram.com/h0neyp0t.sec/,posts,-1,tier1,1,2026-09-01T16:20:39.477354+00:00,2026-09-01T16:20:39.488412+00:00
633,halliechristensen22,instagram,halliechristensen22,https://www.instagram.com/halliechristensen22/,posts,30,tier1,1,2026-09-05T19:32:46.666762+00:00,2026-09-05T19:32:46.666762+00:00
339,hallucinatingai,instagram,hallucinatingai,https://www.instagram.com/hallucinatingai/,posts,-1,tier1,1,2026-09-01T16:20:39.498928+00:00,2026-09-01T16:20:39.510110+00:00
340,harr.ysalce,instagram,harr.ysalce,https://www.instagram.com/harr.ysalce/,posts,-1,tier1,1,2026-09-01T16:20:39.520521+00:00,2026-09-01T16:20:39.531006+00:00
59,harrysandersseo,instagram,harrysandersseo,https://www.instagram.com/harrysandersseo/,posts,-1,tier1,1,2026-08-14T10:16:44.582116+00:00,2026-09-01T16:20:39.551968+00:00
670,hasewingroom,instagram,hasewingroom,https://www.instagram.com/hasewingroom/,posts,30,tier1,1,2026-09-05T19:32:46.666762+00:00,2026-09-05T19:32:46.666762+00:00
60,haydenschmitty,instagram,haydenschmitty,https://www.instagram.com/haydenschmitty/,posts,-1,tier1,1,2026-08-14T10:16:44.585522+00:00,2026-09-01T16:20:39.573992+00:00
341,helloyanamo,instagram,helloyanamo,https://www.instagram.com/helloyanamo/,posts,-1,tier1,1,2026-09-01T16:20:39.583982+00:00,2026-09-01T16:20:39.595294+00:00
342,hersheeztr,instagram,hersheeztr,https://www.instagram.com/hersheeztr/,posts,-1,tier1,1,2026-09-01T16:20:39.606905+00:00,2026-09-01T16:20:39.618714+00:00
662,heung_heung112,instagram,heung_heung112,https://www.instagram.com/heung_heung112/,posts,30,tier1,1,2026-09-05T19:32:46.666762+00:00,2026-09-05T19:32:46.666762+00:00
61,heytony.agency,instagram,heytony.agency,https://www.instagram.com/heytony.agency/,posts,-1,tier1,1,2026-08-14T10:16:44.588058+00:00,2026-09-01T16:20:39.641678+00:00
343,higgsfield.ai,instagram,higgsfield.ai,https://www.instagram.com/higgsfield.ai/,posts,-1,tier1,1,2026-09-01T16:20:39.653769+00:00,2026-09-01T16:20:39.665672+00:00
62,holke79,instagram,holke79,https://www.instagram.com/holke79/,posts,-1,tier1,1,2026-08-14T10:16:44.590711+00:00,2026-09-01T16:20:39.690423+00:00
63,hormozi,instagram,hormozi,https://www.instagram.com/hormozi/,posts,-1,tier1,1,2026-08-14T10:16:44.592871+00:00,2026-09-01T16:20:39.714317+00:00
344,house.of.ag,instagram,house.of.ag,https://www.instagram.com/house.of.ag/,posts,-1,tier1,1,2026-09-01T16:20:39.725458+00:00,2026-09-01T16:20:39.741425+00:00
64,howtogofreelance,instagram,howtogofreelance,https://www.instagram.com/howtogofreelance/,posts,-1,tier1,1,2026-08-14T10:16:44.595654+00:00,2026-09-01T16:20:39.780630+00:00
345,hughjamesrobinson,instagram,hughjamesrobinson,https://www.instagram.com/hughjamesrobinson/,posts,-1,tier1,1,2026-09-01T16:20:39.793140+00:00,2026-09-01T16:20:39.804991+00:00
346,iamchingregory,instagram,iamchingregory,https://www.instagram.com/iamchingregory/,posts,-1,tier1,1,2026-09-01T16:20:39.815872+00:00,2026-09-01T16:20:39.826277+00:00
65,iamchrischung,instagram,iamchrischung,https://www.instagram.com/iamchrischung/,posts,-1,tier1,1,2026-08-14T10:16:44.597392+00:00,2026-09-01T16:20:39.848075+00:00
347,iamgiuliaguerrieri,instagram,iamgiuliaguerrieri,https://www.instagram.com/iamgiuliaguerrieri/,posts,-1,tier1,1,2026-09-01T16:20:39.859185+00:00,2026-09-01T16:20:39.869212+00:00
348,iampascio,instagram,iampascio,https://www.instagram.com/iampascio/,posts,-1,tier1,1,2026-09-01T16:20:39.880148+00:00,2026-09-01T16:20:39.890886+00:00
349,ibraviz.ai,instagram,ibraviz.ai,https://www.instagram.com/ibraviz.ai/,posts,-1,tier1,1,2026-09-01T16:20:39.900859+00:00,2026-09-01T16:20:39.910960+00:00
66,iggykos,instagram,iggykos,https://www.instagram.com/iggykos/,posts,-1,tier1,1,2026-08-14T10:16:44.599076+00:00,2026-09-01T16:20:39.934019+00:00
67,ihannahwilson,instagram,ihannahwilson,https://www.instagram.com/ihannahwilson/,posts,-1,tier1,1,2026-08-14T10:16:44.600607+00:00,2026-09-01T16:20:39.958312+00:00
350,iklipse_,instagram,iklipse_,https://www.instagram.com/iklipse_/,posts,-1,tier1,1,2026-09-01T16:20:39.971929+00:00,2026-09-01T16:20:39.982198+00:00
351,im_jay_krishna,instagram,im_jay_krishna,https://www.instagram.com/im_jay_krishna/,posts,-1,tier1,1,2026-09-01T16:20:39.993749+00:00,2026-09-01T16:20:40.004020+00:00
352,imtechgirl,instagram,imtechgirl,https://www.instagram.com/imtechgirl/,posts,-1,tier1,1,2026-09-01T16:20:40.016767+00:00,2026-09-01T16:20:40.027619+00:00
353,indietoy.la,instagram,indietoy.la,https://www.instagram.com/indietoy.la/,posts,-1,tier1,1,2026-09-01T16:20:40.037714+00:00,2026-09-01T16:20:40.049624+00:00
354,innovation,instagram,innovation,https://www.instagram.com/innovation/,posts,-1,tier1,1,2026-09-01T16:20:40.060889+00:00,2026-09-01T16:20:40.071250+00:00
355,inside_germany049,instagram,inside_germany049,https://www.instagram.com/inside_germany049/,posts,-1,tier1,1,2026-09-01T16:20:40.082294+00:00,2026-09-01T16:20:40.094241+00:00
68,insta360,instagram,insta360,https://www.instagram.com/insta360/,posts,-1,tier1,1,2026-08-14T10:16:44.602293+00:00,2026-09-01T16:20:40.116532+00:00
356,its.asper2,instagram,its.asper2,https://www.instagram.com/its.asper2/,posts,-1,tier1,1,2026-09-01T16:20:40.127553+00:00,2026-09-01T16:20:40.137711+00:00
69,itsadamitka,instagram,itsadamitka,https://www.instagram.com/itsadamitka/,posts,-1,tier1,1,2026-08-14T10:16:44.603855+00:00,2026-09-01T16:20:40.160814+00:00
357,itsaiguide,instagram,itsaiguide,https://www.instagram.com/itsaiguide/,posts,-1,tier1,1,2026-09-01T16:20:40.170864+00:00,2026-09-01T16:20:40.181853+00:00
358,itsatravelod,instagram,itsatravelod,https://www.instagram.com/itsatravelod/,posts,-1,tier1,1,2026-09-01T16:20:40.194420+00:00,2026-09-01T16:20:40.204295+00:00
70,itsdanktre,instagram,itsdanktre,https://www.instagram.com/itsdanktre/,posts,-1,tier1,1,2026-08-14T10:16:44.605697+00:00,2026-09-01T16:20:40.229690+00:00
359,itsdesignare,instagram,itsdesignare,https://www.instagram.com/itsdesignare/,posts,-1,tier1,1,2026-09-01T16:20:40.240724+00:00,2026-09-01T16:20:40.253141+00:00
360,itseileenyang,instagram,itseileenyang,https://www.instagram.com/itseileenyang/,posts,-1,tier1,1,2026-09-01T16:20:40.264164+00:00,2026-09-01T16:20:40.275386+00:00
361,itsellagonzales,instagram,itsellagonzales,https://www.instagram.com/itsellagonzales/,posts,-1,tier1,1,2026-09-01T16:20:40.287153+00:00,2026-09-01T16:20:40.297381+00:00
362,itshannahzhang,instagram,itshannahzhang,https://www.instagram.com/itshannahzhang/,posts,-1,tier1,1,2026-09-01T16:20:40.307428+00:00,2026-09-01T16:20:40.318718+00:00
363,itsjessicahawks,instagram,itsjessicahawks,https://www.instagram.com/itsjessicahawks/,posts,-1,tier1,1,2026-09-01T16:20:40.329139+00:00,2026-09-01T16:20:40.339419+00:00
364,itsmariahbrunner,instagram,itsmariahbrunner,https://www.instagram.com/itsmariahbrunner/,posts,-1,tier1,1,2026-09-01T16:20:40.349554+00:00,2026-09-01T16:20:40.361397+00:00
661,itsmerachelmg,instagram,itsmerachelmg,https://www.instagram.com/itsmerachelmg/,posts,30,tier1,1,2026-09-05T19:32:46.666762+00:00,2026-09-05T19:32:46.666762+00:00
365,itsmila.builds,instagram,itsmila.builds,https://www.instagram.com/itsmila.builds/,posts,-1,tier1,1,2026-09-01T16:20:40.373180+00:00,2026-09-01T16:20:40.384353+00:00
71,itsmorgansanner,instagram,itsmorgansanner,https://www.instagram.com/itsmorgansanner/,posts,-1,tier1,1,2026-08-14T10:16:44.608724+00:00,2026-09-01T16:20:40.408245+00:00
366,itsoli.ig,instagram,itsoli.ig,https://www.instagram.com/itsoli.ig/,posts,-1,tier1,1,2026-09-01T16:20:40.419518+00:00,2026-09-01T16:20:40.430158+00:00
367,itsrjbuilds,instagram,itsrjbuilds,https://www.instagram.com/itsrjbuilds/,posts,-1,tier1,1,2026-09-01T16:20:40.440893+00:00,2026-09-01T16:20:40.450492+00:00
368,itsruiz.jr,instagram,itsruiz.jr,https://www.instagram.com/itsruiz.jr/,posts,-1,tier1,1,2026-09-01T16:20:40.462543+00:00,2026-09-01T16:20:40.473216+00:00
369,jackblairofficial,instagram,jackblairofficial,https://www.instagram.com/jackblairofficial/,posts,-1,tier1,1,2026-09-01T16:20:40.484263+00:00,2026-09-01T16:20:40.494619+00:00
370,jackclifford___,instagram,jackclifford___,https://www.instagram.com/jackclifford___/,posts,-1,tier1,1,2026-09-01T16:20:40.505881+00:00,2026-09-01T16:20:40.518305+00:00
72,jackorrofficial,instagram,jackorrofficial,https://www.instagram.com/jackorrofficial/,posts,-1,tier1,1,2026-08-14T10:16:44.611027+00:00,2026-09-01T16:20:40.539782+00:00
371,jacob_got_motion,instagram,jacob_got_motion,https://www.instagram.com/jacob_got_motion/,posts,-1,tier1,1,2026-09-01T16:20:40.550419+00:00,2026-09-01T16:20:40.562281+00:00
73,jaimefilerfitness,instagram,jaimefilerfitness,https://www.instagram.com/jaimefilerfitness/,posts,-1,tier1,1,2026-08-14T10:16:44.613554+00:00,2026-09-01T16:20:40.582505+00:00
74,jake.coppen,instagram,jake.coppen,https://www.instagram.com/jake.coppen/,posts,-1,tier1,1,2026-08-14T10:16:44.616044+00:00,2026-09-01T16:20:40.607103+00:00
372,jake.hacks,instagram,jake.hacks,https://www.instagram.com/jake.hacks/,posts,-1,tier1,1,2026-09-01T16:20:40.617653+00:00,2026-09-01T16:20:40.628689+00:00
373,james.vlvt,instagram,james.vlvt,https://www.instagram.com/james.vlvt/,posts,-1,tier1,1,2026-09-01T16:20:40.641258+00:00,2026-09-01T16:20:40.650598+00:00
374,jameswlmcbride,instagram,jameswlmcbride,https://www.instagram.com/jameswlmcbride/,posts,-1,tier1,1,2026-09-01T16:20:40.661754+00:00,2026-09-01T16:20:40.672249+00:00
375,janustiu,instagram,janustiu,https://www.instagram.com/janustiu/,posts,-1,tier1,1,2026-09-01T16:20:40.682043+00:00,2026-09-01T16:20:40.693066+00:00
75,jason.yslai,instagram,jason.yslai,https://www.instagram.com/jason.yslai/,posts,-1,tier1,1,2026-08-14T10:16:44.618855+00:00,2026-09-01T16:20:40.713409+00:00
376,jason_swet,instagram,jason_swet,https://www.instagram.com/jason_swet/,posts,-1,tier1,1,2026-09-01T16:20:40.725388+00:00,2026-09-01T16:20:40.735458+00:00
377,jasoncooperson,instagram,jasoncooperson,https://www.instagram.com/jasoncooperson/,posts,-1,tier1,1,2026-09-01T16:20:40.748051+00:00,2026-09-01T16:20:40.761852+00:00
378,jayhoovy,instagram,jayhoovy,https://www.instagram.com/jayhoovy/,posts,-1,tier1,1,2026-09-01T16:20:40.773850+00:00,2026-09-01T16:20:40.786203+00:00
379,jennajeandavis,instagram,jennajeandavis,https://www.instagram.com/jennajeandavis/,posts,-1,tier1,1,2026-09-01T16:20:40.808710+00:00,2026-09-01T16:20:40.818880+00:00
76,jens.heitmann,instagram,jens.heitmann,https://www.instagram.com/jens.heitmann/,posts,-1,tier1,1,2026-08-14T10:16:44.621353+00:00,2026-09-01T16:20:40.840248+00:00
77,jeremyfindsai,instagram,jeremyfindsai,https://www.instagram.com/jeremyfindsai/,posts,-1,tier1,1,2026-08-14T10:16:44.624958+00:00,2026-09-01T16:20:40.861732+00:00
380,jerryyuann,instagram,jerryyuann,https://www.instagram.com/jerryyuann/,posts,-1,tier1,1,2026-09-01T16:20:40.873889+00:00,2026-09-01T16:20:40.885389+00:00
381,jessramosdata,instagram,jessramosdata,https://www.instagram.com/jessramosdata/,posts,-1,tier1,1,2026-09-01T16:20:40.895687+00:00,2026-09-01T16:20:40.907228+00:00
382,jimruitang,instagram,jimruitang,https://www.instagram.com/jimruitang/,posts,-1,tier1,1,2026-09-01T16:20:40.917686+00:00,2026-09-01T16:20:40.929916+00:00
383,jitheshlmn,instagram,jitheshlmn,https://www.instagram.com/jitheshlmn/,posts,-1,tier1,1,2026-09-01T16:20:40.941614+00:00,2026-09-01T16:20:40.952887+00:00
645,joanna_swanson,instagram,joanna_swanson,https://www.instagram.com/joanna_swanson/,posts,30,tier1,1,2026-09-05T19:32:46.666762+00:00,2026-09-05T19:32:46.666762+00:00
384,joaodefato,instagram,joaodefato,https://www.instagram.com/joaodefato/,posts,-1,tier1,1,2026-09-01T16:20:40.963689+00:00,2026-09-01T16:20:40.974838+00:00
385,joelimmmmm,instagram,joelimmmmm,https://www.instagram.com/joelimmmmm/,posts,-1,tier1,1,2026-09-01T16:20:40.985489+00:00,2026-09-01T16:20:40.995301+00:00
635,jonatanadame,instagram,jonatanadame,https://www.instagram.com/jonatanadame/,posts,30,tier1,1,2026-09-05T19:32:46.666762+00:00,2026-09-05T19:32:46.666762+00:00
78,jonmorgenstern,instagram,jonmorgenstern,https://www.instagram.com/jonmorgenstern/,posts,-1,tier1,1,2026-08-14T10:16:44.628160+00:00,2026-09-01T16:20:41.016358+00:00
386,joshsklein,instagram,joshsklein,https://www.instagram.com/joshsklein/,posts,-1,tier1,1,2026-09-01T16:20:41.031059+00:00,2026-09-01T16:20:41.041419+00:00
387,joshualarosa.ai,instagram,joshualarosa.ai,https://www.instagram.com/joshualarosa.ai/,posts,-1,tier1,1,2026-09-01T16:20:41.051427+00:00,2026-09-01T16:20:41.061470+00:00
388,jovanatravels,instagram,jovanatravels,https://www.instagram.com/jovanatravels/,posts,-1,tier1,1,2026-09-01T16:20:41.072134+00:00,2026-09-01T16:20:41.083861+00:00
79,juhibhatia_globalrecruiter,instagram,juhibhatia_globalrecruiter,https://www.instagram.com/juhibhatia_globalrecruiter/,posts,-1,tier1,1,2026-08-14T10:16:44.630095+00:00,2026-09-01T16:20:41.109275+00:00
389,juliabroome,instagram,juliabroome,https://www.instagram.com/juliabroome/,posts,-1,tier1,1,2026-09-01T16:20:41.142506+00:00,2026-09-01T16:20:41.155147+00:00
390,julin_designs,instagram,julin_designs,https://www.instagram.com/julin_designs/,posts,-1,tier1,1,2026-09-01T16:20:41.167016+00:00,2026-09-01T16:20:41.177713+00:00
391,junaid_jamel,instagram,junaid_jamel,https://www.instagram.com/junaid_jamel/,posts,-1,tier1,1,2026-09-01T16:20:41.190289+00:00,2026-09-01T16:20:41.203400+00:00
392,justinaiguy,instagram,justinaiguy,https://www.instagram.com/justinaiguy/,posts,-1,tier1,1,2026-09-01T16:20:41.213981+00:00,2026-09-01T16:20:41.225638+00:00
80,jvredcapo,instagram,jvredcapo,https://www.instagram.com/jvredcapo/,posts,-1,tier1,1,2026-08-14T10:16:44.631711+00:00,2026-09-01T16:20:41.257317+00:00
393,jyedezylva,instagram,jyedezylva,https://www.instagram.com/jyedezylva/,posts,-1,tier1,1,2026-09-01T16:20:41.286155+00:00,2026-09-01T16:20:41.314996+00:00
394,kai.codess,instagram,kai.codess,https://www.instagram.com/kai.codess/,posts,-1,tier1,1,2026-09-01T16:20:41.327163+00:00,2026-09-01T16:20:41.339012+00:00
81,kalypsodesigns,instagram,kalypsodesigns,https://www.instagram.com/kalypsodesigns/,posts,-1,tier1,1,2026-08-14T10:16:44.633610+00:00,2026-09-01T16:20:41.362007+00:00
395,kate__mcandrew,instagram,kate__mcandrew,https://www.instagram.com/kate__mcandrew/,posts,-1,tier1,1,2026-09-01T16:20:41.374023+00:00,2026-09-01T16:20:41.386534+00:00
396,kathanpatel._,instagram,kathanpatel._,https://www.instagram.com/kathanpatel._/,posts,-1,tier1,1,2026-09-01T16:20:41.398524+00:00,2026-09-01T16:20:41.411021+00:00
652,katlundeb,instagram,katlundeb,https://www.instagram.com/katlundeb/,posts,30,tier1,1,2026-09-05T19:32:46.666762+00:00,2026-09-05T19:32:46.666762+00:00
397,keeran.ai,instagram,keeran.ai,https://www.instagram.com/keeran.ai/,posts,-1,tier1,1,2026-09-01T16:20:41.424056+00:00,2026-09-01T16:20:41.436017+00:00
398,kekoamac,instagram,kekoamac,https://www.instagram.com/kekoamac/,posts,-1,tier1,1,2026-09-01T16:20:41.449299+00:00,2026-09-01T16:20:41.459966+00:00
399,kellybadakdesign,instagram,kellybadakdesign,https://www.instagram.com/kellybadakdesign/,posts,-1,tier1,1,2026-09-01T16:20:41.471043+00:00,2026-09-01T16:20:41.481225+00:00
400,kem_glitch,instagram,kem_glitch,https://www.instagram.com/kem_glitch/,posts,-1,tier1,1,2026-09-01T16:20:41.492996+00:00,2026-09-01T16:20:41.504272+00:00
82,kerem.tech,instagram,kerem.tech,https://www.instagram.com/kerem.tech/,posts,-1,tier1,1,2026-08-14T10:16:44.635172+00:00,2026-09-01T16:20:41.526596+00:00
83,keshavsuki,instagram,keshavsuki,https://www.instagram.com/keshavsuki/,posts,-1,tier1,1,2026-08-14T10:16:44.636773+00:00,2026-09-01T16:20:41.547954+00:00
401,khris.sheer,instagram,khris.sheer,https://www.instagram.com/khris.sheer/,posts,-1,tier1,1,2026-09-01T16:20:41.558673+00:00,2026-09-01T16:20:41.570372+00:00
402,kiefer.gasparovic,instagram,kiefer.gasparovic,https://www.instagram.com/kiefer.gasparovic/,posts,-1,tier1,1,2026-09-01T16:20:41.581977+00:00,2026-09-01T16:20:41.591856+00:00
84,kienobifilms,instagram,kienobifilms,https://www.instagram.com/kienobifilms/,posts,-1,tier1,1,2026-08-14T10:16:44.638291+00:00,2026-09-01T16:20:41.612074+00:00
403,kieren.ai,instagram,kieren.ai,https://www.instagram.com/kieren.ai/,posts,-1,tier1,1,2026-09-01T16:20:41.622983+00:00,2026-09-01T16:20:41.633953+00:00
404,kierzacporter,instagram,kierzacporter,https://www.instagram.com/kierzacporter/,posts,-1,tier1,1,2026-09-01T16:20:41.644837+00:00,2026-09-01T16:20:41.656435+00:00
405,kiksvibecodes,instagram,kiksvibecodes,https://www.instagram.com/kiksvibecodes/,posts,-1,tier1,1,2026-09-01T16:20:41.668551+00:00,2026-09-01T16:20:41.679600+00:00
657,kim_silfving,instagram,kim_silfving,https://www.instagram.com/kim_silfving/,posts,30,tier1,1,2026-09-05T19:32:46.666762+00:00,2026-09-05T19:32:46.666762+00:00
640,kimbeauty_ibrows.n.ilashes,instagram,kimbeauty_ibrows.n.ilashes,https://www.instagram.com/kimbeauty_ibrows.n.ilashes/,posts,30,tier1,1,2026-09-05T19:32:46.666762+00:00,2026-09-05T19:32:46.666762+00:00
406,knowledgehuntre,instagram,knowledgehuntre,https://www.instagram.com/knowledgehuntre/,posts,-1,tier1,1,2026-09-01T16:20:41.690790+00:00,2026-09-01T16:20:41.701795+00:00
85,koen_salo,instagram,koen_salo,https://www.instagram.com/koen_salo/,posts,-1,tier1,1,2026-08-14T10:16:44.641076+00:00,2026-09-01T16:20:41.725325+00:00
407,konvowithkathan,instagram,konvowithkathan,https://www.instagram.com/konvowithkathan/,posts,-1,tier1,1,2026-09-01T16:20:41.737360+00:00,2026-09-01T16:20:41.749257+00:00
408,kproductmanager,instagram,kproductmanager,https://www.instagram.com/kproductmanager/,posts,-1,tier1,1,2026-09-01T16:20:41.762229+00:00,2026-09-01T16:20:41.775595+00:00
409,kyledoes.stocks,instagram,kyledoes.stocks,https://www.instagram.com/kyledoes.stocks/,posts,-1,tier1,1,2026-09-01T16:20:41.793468+00:00,2026-09-01T16:20:41.815386+00:00
410,langstaff.greg,instagram,langstaff.greg,https://www.instagram.com/langstaff.greg/,posts,-1,tier1,1,2026-09-01T16:20:41.826434+00:00,2026-09-01T16:20:41.837629+00:00
411,lars_lpg,instagram,lars_lpg,https://www.instagram.com/lars_lpg/,posts,-1,tier1,1,2026-09-01T16:20:41.848314+00:00,2026-09-01T16:20:41.859749+00:00
412,lawyer.france,instagram,lawyer.france,https://www.instagram.com/lawyer.france/,posts,-1,tier1,1,2026-09-01T16:20:41.870657+00:00,2026-09-01T16:20:41.881636+00:00
413,le__walk,instagram,le__walk,https://www.instagram.com/le__walk/,posts,-1,tier1,1,2026-09-01T16:20:41.892968+00:00,2026-09-01T16:20:41.904373+00:00
414,leadgenman,instagram,leadgenman,https://www.instagram.com/leadgenman/,posts,-1,tier1,1,2026-09-01T16:20:41.915314+00:00,2026-09-01T16:20:41.926862+00:00
415,leilahormozi,instagram,leilahormozi,https://www.instagram.com/leilahormozi/,posts,-1,tier1,1,2026-09-01T16:20:41.938105+00:00,2026-09-01T16:20:41.949699+00:00
416,lgnelmes,instagram,lgnelmes,https://www.instagram.com/lgnelmes/,posts,-1,tier1,1,2026-09-01T16:20:41.961071+00:00,2026-09-01T16:20:41.972326+00:00
417,lifeofmgb,instagram,lifeofmgb,https://www.instagram.com/lifeofmgb/,posts,-1,tier1,1,2026-09-01T16:20:41.983629+00:00,2026-09-01T16:20:41.996484+00:00
86,linalikesmoney,instagram,linalikesmoney,https://www.instagram.com/linalikesmoney/,posts,-1,tier1,1,2026-08-14T10:16:44.642950+00:00,2026-09-01T16:20:42.019994+00:00
418,livdewi_,instagram,livdewi_,https://www.instagram.com/livdewi_/,posts,-1,tier1,1,2026-09-01T16:20:42.032539+00:00,2026-09-01T16:20:42.045089+00:00
419,liz.on.the.web,instagram,liz.on.the.web,https://www.instagram.com/liz.on.the.web/,posts,-1,tier1,1,2026-09-01T16:20:42.057966+00:00,2026-09-01T16:20:42.070060+00:00
87,lizthedeveloper,instagram,lizthedeveloper,https://www.instagram.com/lizthedeveloper/,posts,-1,tier1,1,2026-08-14T10:16:44.645260+00:00,2026-09-01T16:20:42.092772+00:00
88,lnwmediagroup,instagram,lnwmediagroup,https://www.instagram.com/lnwmediagroup/,posts,-1,tier1,1,2026-08-14T10:16:44.647921+00:00,2026-09-01T16:20:42.117825+00:00
420,logangood,instagram,logangood,https://www.instagram.com/logangood/,posts,-1,tier1,1,2026-09-01T16:20:42.136064+00:00,2026-09-01T16:20:42.147986+00:00
89,lola.malins,instagram,lola.malins,https://www.instagram.com/lola.malins/,posts,-1,tier1,1,2026-08-14T10:16:44.649687+00:00,2026-09-01T16:20:42.172474+00:00
90,londonthefriend,instagram,londonthefriend,https://www.instagram.com/londonthefriend/,posts,-1,tier1,1,2026-08-14T10:16:44.651989+00:00,2026-09-01T16:20:42.198341+00:00
421,longstoryshort_clips,instagram,longstoryshort_clips,https://www.instagram.com/longstoryshort_clips/,posts,-1,tier1,1,2026-09-01T16:20:42.210401+00:00,2026-09-01T16:20:42.222485+00:00
422,lostandlucky,instagram,lostandlucky,https://www.instagram.com/lostandlucky/,posts,-1,tier1,1,2026-09-01T16:20:42.234788+00:00,2026-09-01T16:20:42.245684+00:00
423,louyi.ux,instagram,louyi.ux,https://www.instagram.com/louyi.ux/,posts,-1,tier1,1,2026-09-01T16:20:42.257232+00:00,2026-09-01T16:20:42.269087+00:00
634,lufecaeppexie,instagram,lufecaeppexie,https://www.instagram.com/lufecaeppexie/,posts,30,tier1,1,2026-09-05T19:32:46.666762+00:00,2026-09-05T19:32:46.666762+00:00
91,lukas.mullen,instagram,lukas.mullen,https://www.instagram.com/lukas.mullen/,posts,-1,tier1,1,2026-08-14T10:16:44.654352+00:00,2026-09-01T16:20:42.292217+00:00
92,lukaspakter,instagram,lukaspakter,https://www.instagram.com/lukaspakter/,posts,-1,tier1,1,2026-08-14T10:16:44.656738+00:00,2026-09-01T16:20:42.315082+00:00
424,luke.jso1,instagram,luke.jso1,https://www.instagram.com/luke.jso1/,posts,-1,tier1,1,2026-09-01T16:20:42.326144+00:00,2026-09-01T16:20:42.338312+00:00
425,lunchbqx,instagram,lunchbqx,https://www.instagram.com/lunchbqx/,posts,-1,tier1,1,2026-09-01T16:20:42.351130+00:00,2026-09-01T16:20:42.362888+00:00
426,luxurytravelwithpoints,instagram,luxurytravelwithpoints,https://www.instagram.com/luxurytravelwithpoints/,posts,-1,tier1,1,2026-09-01T16:20:42.374295+00:00,2026-09-01T16:20:42.387413+00:00
427,lvl_aiautomations,instagram,lvl_aiautomations,https://www.instagram.com/lvl_aiautomations/,posts,-1,tier1,1,2026-09-01T16:20:42.400833+00:00,2026-09-01T16:20:42.416103+00:00
428,maceodyssey,instagram,maceodyssey,https://www.instagram.com/maceodyssey/,posts,-1,tier1,1,2026-09-01T16:20:42.430844+00:00,2026-09-01T16:20:42.445413+00:00
668,maciejohnson10,instagram,maciejohnson10,https://www.instagram.com/maciejohnson10/,posts,30,tier1,1,2026-09-05T19:32:46.666762+00:00,2026-09-05T19:32:46.666762+00:00
429,madistefanis,instagram,madistefanis,https://www.instagram.com/madistefanis/,posts,-1,tier1,1,2026-09-01T16:20:42.459575+00:00,2026-09-01T16:20:42.473010+00:00
93,magnus.aka,instagram,magnus.aka,https://www.instagram.com/magnus.aka/,posts,-1,tier1,1,2026-08-14T10:16:44.660439+00:00,2026-09-01T16:20:42.501189+00:00
430,mahanaicoach,instagram,mahanaicoach,https://www.instagram.com/mahanaicoach/,posts,-1,tier1,1,2026-09-01T16:20:42.515825+00:00,2026-09-01T16:20:42.530419+00:00
431,maitrimangal,instagram,maitrimangal,https://www.instagram.com/maitrimangal/,posts,-1,tier1,1,2026-09-01T16:20:42.542820+00:00,2026-09-01T16:20:42.556562+00:00
432,manifestlikemom,instagram,manifestlikemom,https://www.instagram.com/manifestlikemom/,posts,-1,tier1,1,2026-09-01T16:20:42.568193+00:00,2026-09-01T16:20:42.579174+00:00
94,marc.kaz,instagram,marc.kaz,https://www.instagram.com/marc.kaz/,posts,-1,tier1,1,2026-08-14T10:16:44.664396+00:00,2026-09-01T16:20:42.603558+00:00
95,marcinteodoru,instagram,marcinteodoru,https://www.instagram.com/marcinteodoru/,posts,-1,tier1,1,2026-08-14T10:16:44.667345+00:00,2026-09-01T16:20:42.627250+00:00
433,marina_uiux,instagram,marina_uiux,https://www.instagram.com/marina_uiux/,posts,-1,tier1,1,2026-09-01T16:20:42.638084+00:00,2026-09-01T16:20:42.648538+00:00
96,marketingatg,instagram,marketingatg,https://www.instagram.com/marketingatg/,posts,-1,tier1,1,2026-08-14T10:16:44.669827+00:00,2026-09-01T16:20:42.670716+00:00
434,martinwang.mp4,instagram,martinwang.mp4,https://www.instagram.com/martinwang.mp4/,posts,-1,tier1,1,2026-09-01T16:20:42.683282+00:00,2026-09-01T16:20:42.695378+00:00
637,maryjorakowski,instagram,maryjorakowski,https://www.instagram.com/maryjorakowski/,posts,30,tier1,1,2026-09-05T19:32:46.666762+00:00,2026-09-05T19:32:46.666762+00:00
435,masongothard,instagram,masongothard,https://www.instagram.com/masongothard/,posts,-1,tier1,1,2026-09-01T16:20:42.706972+00:00,2026-09-01T16:20:42.717871+00:00
436,masonibowstead,instagram,masonibowstead,https://www.instagram.com/masonibowstead/,posts,-1,tier1,1,2026-09-01T16:20:42.728354+00:00,2026-09-01T16:20:42.739363+00:00
437,mattganzak,instagram,mattganzak,https://www.instagram.com/mattganzak/,posts,-1,tier1,1,2026-09-01T16:20:42.749640+00:00,2026-09-01T16:20:42.760649+00:00
438,matthgray,instagram,matthgray,https://www.instagram.com/matthgray/,posts,-1,tier1,1,2026-09-01T16:20:42.772492+00:00,2026-09-01T16:20:42.782991+00:00
439,mattnzasi,instagram,mattnzasi,https://www.instagram.com/mattnzasi/,posts,-1,tier1,1,2026-09-01T16:20:42.799130+00:00,2026-09-01T16:20:42.815320+00:00
97,mavenhq,instagram,mavenhq,https://www.instagram.com/mavenhq/,posts,-1,tier1,1,2026-08-14T10:16:44.673031+00:00,2026-09-01T16:20:42.842237+00:00
440,mavgpt,instagram,mavgpt,https://www.instagram.com/mavgpt/,posts,-1,tier1,1,2026-09-01T16:20:42.853668+00:00,2026-09-01T16:20:42.866022+00:00
441,maxjohnscn,instagram,maxjohnscn,https://www.instagram.com/maxjohnscn/,posts,-1,tier1,1,2026-09-01T16:20:42.877133+00:00,2026-09-01T16:20:42.887425+00:00
98,maxtalkstech_,instagram,maxtalkstech_,https://www.instagram.com/maxtalkstech_/,posts,-1,tier1,1,2026-08-14T10:16:44.675366+00:00,2026-09-01T16:20:42.909245+00:00
442,meshtimes,instagram,meshtimes,https://www.instagram.com/meshtimes/,posts,-1,tier1,1,2026-09-01T16:20:42.919348+00:00,2026-09-01T16:20:42.930712+00:00
443,mightbemaxi,instagram,mightbemaxi,https://www.instagram.com/mightbemaxi/,posts,-1,tier1,1,2026-09-01T16:20:42.941827+00:00,2026-09-01T16:20:42.951452+00:00
444,mikakilpelainen97,instagram,mikakilpelainen97,https://www.instagram.com/mikakilpelainen97/,posts,-1,tier1,1,2026-09-01T16:20:42.964654+00:00,2026-09-01T16:20:42.975019+00:00
445,mikellesplaybook,instagram,mikellesplaybook,https://www.instagram.com/mikellesplaybook/,posts,-1,tier1,1,2026-09-01T16:20:42.986271+00:00,2026-09-01T16:20:42.997109+00:00
446,mikemakessidecash,instagram,mikemakessidecash,https://www.instagram.com/mikemakessidecash/,posts,-1,tier1,1,2026-09-01T16:20:43.008882+00:00,2026-09-01T16:20:43.020279+00:00
447,mikeylovesbread,instagram,mikeylovesbread,https://www.instagram.com/mikeylovesbread/,posts,-1,tier1,1,2026-09-01T16:20:43.030089+00:00,2026-09-01T16:20:43.040177+00:00
448,milamarksonofficial,instagram,milamarksonofficial,https://www.instagram.com/milamarksonofficial/,posts,-1,tier1,1,2026-09-01T16:20:43.049932+00:00,2026-09-01T16:20:43.059672+00:00
449,minolee.mp4,instagram,minolee.mp4,https://www.instagram.com/minolee.mp4/,posts,-1,tier1,1,2026-09-01T16:20:43.071304+00:00,2026-09-01T16:20:43.080469+00:00
450,mirkovicdev,instagram,mirkovicdev,https://www.instagram.com/mirkovicdev/,posts,-1,tier1,1,2026-09-01T16:20:43.090971+00:00,2026-09-01T16:20:43.102732+00:00
99,mk.ngu,instagram,mk.ngu,https://www.instagram.com/mk.ngu/,posts,-1,tier1,1,2026-08-14T10:16:44.677629+00:00,2026-09-01T16:20:43.126819+00:00
451,mmaximus.soares,instagram,mmaximus.soares,https://www.instagram.com/mmaximus.soares/,posts,-1,tier1,1,2026-09-01T16:20:43.139195+00:00,2026-09-01T16:20:43.149637+00:00
452,mobileeditingclub,instagram,mobileeditingclub,https://www.instagram.com/mobileeditingclub/,posts,-1,tier1,1,2026-09-01T16:20:43.159612+00:00,2026-09-01T16:20:43.171328+00:00
100,mohammad_apu_,instagram,mohammad_apu_,https://www.instagram.com/mohammad_apu_/,posts,-1,tier1,1,2026-08-14T10:16:44.679966+00:00,2026-09-01T16:20:43.192718+00:00
453,morgansandiego,instagram,morgansandiego,https://www.instagram.com/morgansandiego/,posts,-1,tier1,1,2026-09-01T16:20:43.204875+00:00,2026-09-01T16:20:43.216437+00:00
454,morilliu,instagram,morilliu,https://www.instagram.com/morilliu/,posts,-1,tier1,1,2026-09-01T16:20:43.226881+00:00,2026-09-01T16:20:43.238214+00:00
455,mosseri,instagram,mosseri,https://www.instagram.com/mosseri/,posts,-1,tier1,1,2026-09-01T16:20:43.249835+00:00,2026-09-01T16:20:43.261237+00:00
101,mrnotion.co,instagram,mrnotion.co,https://www.instagram.com/mrnotion.co/,posts,-1,tier1,1,2026-08-14T10:16:44.682319+00:00,2026-09-01T16:20:43.282547+00:00
456,myxfamily,instagram,myxfamily,https://www.instagram.com/myxfamily/,posts,-1,tier1,1,2026-09-01T16:20:43.295248+00:00,2026-09-01T16:20:43.307754+00:00
102,namedotcom,instagram,namedotcom,https://www.instagram.com/namedotcom/,posts,-1,tier1,1,2026-08-14T10:16:44.684165+00:00,2026-09-01T16:20:43.331241+00:00
103,nat.lucyy,instagram,nat.lucyy,https://www.instagram.com/nat.lucyy/,posts,-1,tier1,1,2026-08-14T10:16:44.685898+00:00,2026-09-01T16:20:43.353757+00:00
457,natashabuilds,instagram,natashabuilds,https://www.instagram.com/natashabuilds/,posts,-1,tier1,1,2026-09-01T16:20:43.365121+00:00,2026-09-01T16:20:43.376112+00:00
458,nateherkai,instagram,nateherkai,https://www.instagram.com/nateherkai/,posts,-1,tier1,1,2026-09-01T16:20:43.387130+00:00,2026-09-01T16:20:43.396892+00:00
632,nathanhurstcreative,instagram,nathanhurstcreative,https://www.instagram.com/nathanhurstcreative/,posts,30,tier1,1,2026-09-05T19:32:46.666762+00:00,2026-09-05T19:32:46.666762+00:00
654,nationschurch.cork,instagram,nationschurch.cork,https://www.instagram.com/nationschurch.cork/,posts,30,tier1,1,2026-09-05T19:32:46.666762+00:00,2026-09-05T19:32:46.666762+00:00
663,nationscollege,instagram,nationscollege,https://www.instagram.com/nationscollege/,posts,30,tier1,1,2026-09-05T19:32:46.666762+00:00,2026-09-05T19:32:46.666762+00:00
459,ndrewboylan,instagram,ndrewboylan,https://www.instagram.com/ndrewboylan/,posts,-1,tier1,1,2026-09-01T16:20:43.408018+00:00,2026-09-01T16:20:43.419161+00:00
460,nedz_reclassified,instagram,nedz_reclassified,https://www.instagram.com/nedz_reclassified/,posts,-1,tier1,1,2026-09-01T16:20:43.429857+00:00,2026-09-01T16:20:43.441023+00:00
461,nelehacks,instagram,nelehacks,https://www.instagram.com/nelehacks/,posts,-1,tier1,1,2026-09-01T16:20:43.451744+00:00,2026-09-01T16:20:43.462480+00:00
462,networkchuck,instagram,networkchuck,https://www.instagram.com/networkchuck/,posts,-1,tier1,1,2026-09-01T16:20:43.473271+00:00,2026-09-01T16:20:43.484422+00:00
104,nick_saraev,instagram,nick_saraev,https://www.instagram.com/nick_saraev/,posts,-1,tier1,1,2026-08-14T10:16:44.688158+00:00,2026-09-01T16:20:43.505033+00:00
463,nickmiaritis,instagram,nickmiaritis,https://www.instagram.com/nickmiaritis/,posts,-1,tier1,1,2026-09-01T16:20:43.517920+00:00,2026-09-01T16:20:43.528942+00:00
464,nicksadler.io,instagram,nicksadler.io,https://www.instagram.com/nicksadler.io/,posts,-1,tier1,1,2026-09-01T16:20:43.539795+00:00,2026-09-01T16:20:43.551738+00:00
465,nicnonac,instagram,nicnonac,https://www.instagram.com/nicnonac/,posts,-1,tier1,1,2026-09-01T16:20:43.563349+00:00,2026-09-01T16:20:43.572765+00:00
466,nicolaszuleta_,instagram,nicolaszuleta_,https://www.instagram.com/nicolaszuleta_/,posts,-1,tier1,1,2026-09-01T16:20:43.583804+00:00,2026-09-01T16:20:43.594620+00:00
467,nielshg_,instagram,nielshg_,https://www.instagram.com/nielshg_/,posts,-1,tier1,1,2026-09-01T16:20:43.605928+00:00,2026-09-01T16:20:43.616450+00:00
468,niiiinaaa.__,instagram,niiiinaaa.__,https://www.instagram.com/niiiinaaa.__/,posts,-1,tier1,1,2026-09-01T16:20:43.628423+00:00,2026-09-01T16:20:43.637551+00:00
469,niklastsalkos,instagram,niklastsalkos,https://www.instagram.com/niklastsalkos/,posts,-1,tier1,1,2026-09-01T16:20:43.647816+00:00,2026-09-01T16:20:43.658788+00:00
470,ninalyre,instagram,ninalyre,https://www.instagram.com/ninalyre/,posts,-1,tier1,1,2026-09-01T16:20:43.669152+00:00,2026-09-01T16:20:43.680362+00:00
471,noevarner.ai,instagram,noevarner.ai,https://www.instagram.com/noevarner.ai/,posts,-1,tier1,1,2026-09-01T16:20:43.691979+00:00,2026-09-01T16:20:43.705044+00:00
472,nomikipetrolla,instagram,nomikipetrolla,https://www.instagram.com/nomikipetrolla/,posts,-1,tier1,1,2026-09-01T16:20:43.716259+00:00,2026-09-01T16:20:43.727567+00:00
473,notadmo,instagram,notadmo,https://www.instagram.com/notadmo/,posts,-1,tier1,1,2026-09-01T16:20:43.739823+00:00,2026-09-01T16:20:43.751181+00:00
474,notbenar,instagram,notbenar,https://www.instagram.com/notbenar/,posts,-1,tier1,1,2026-09-01T16:20:43.764808+00:00,2026-09-01T16:20:43.777857+00:00
475,nurry_duong,instagram,nurry_duong,https://www.instagram.com/nurry_duong/,posts,-1,tier1,1,2026-09-01T16:20:43.792260+00:00,2026-09-01T16:20:43.804974+00:00
476,obiwonkanblomi,instagram,obiwonkanblomi,https://www.instagram.com/obiwonkanblomi/,posts,-1,tier1,1,2026-09-01T16:20:43.822527+00:00,2026-09-01T16:20:43.836128+00:00
665,odalys.ozuna,instagram,odalys.ozuna,https://www.instagram.com/odalys.ozuna/,posts,30,tier1,1,2026-09-05T19:32:46.666762+00:00,2026-09-05T19:32:46.666762+00:00
477,official_stevek,instagram,official_stevek,https://www.instagram.com/official_stevek/,posts,-1,tier1,1,2026-09-01T16:20:43.855537+00:00,2026-09-01T16:20:43.866622+00:00
105,ohneis652,instagram,ohneis652,https://www.instagram.com/ohneis652/,posts,-1,tier1,1,2026-08-14T10:16:44.690649+00:00,2026-09-01T16:20:43.889866+00:00
106,okaashish,instagram,okaashish,https://www.instagram.com/okaashish/,posts,-1,tier1,1,2026-08-14T10:16:44.694394+00:00,2026-09-01T16:20:43.913994+00:00
478,olivermerrick___,instagram,olivermerrick___,https://www.instagram.com/olivermerrick___/,posts,-1,tier1,1,2026-09-01T16:20:43.928055+00:00,2026-09-01T16:20:43.940099+00:00
107,olympics,instagram,olympics,https://www.instagram.com/olympics/,posts,-1,tier1,1,2026-08-14T10:16:44.696967+00:00,2026-09-01T16:20:43.963726+00:00
479,onlyzita,instagram,onlyzita,https://www.instagram.com/onlyzita/,posts,-1,tier1,1,2026-09-01T16:20:43.975403+00:00,2026-09-01T16:20:43.984954+00:00
108,oscar.d.lam,instagram,oscar.d.lam,https://www.instagram.com/oscar.d.lam/,posts,-1,tier1,1,2026-08-14T10:16:44.699530+00:00,2026-09-01T16:20:44.009310+00:00
646,ozyy.rs,instagram,ozyy.rs,https://www.instagram.com/ozyy.rs/,posts,30,tier1,1,2026-09-05T19:32:46.666762+00:00,2026-09-05T19:32:46.666762+00:00
480,parasmadan.in,instagram,parasmadan.in,https://www.instagram.com/parasmadan.in/,posts,-1,tier1,1,2026-09-01T16:20:44.020966+00:00,2026-09-01T16:20:44.031046+00:00
109,pat.berlinquette,instagram,pat.berlinquette,https://www.instagram.com/pat.berlinquette/,posts,-1,tier1,1,2026-08-14T10:16:44.701791+00:00,2026-09-01T16:20:44.054677+00:00
666,pb_mm08,instagram,pb_mm08,https://www.instagram.com/pb_mm08/,posts,30,tier1,1,2026-09-05T19:32:46.666762+00:00,2026-09-05T19:32:46.666762+00:00
639,pernilla_schonback,instagram,pernilla_schonback,https://www.instagram.com/pernilla_schonback/,posts,30,tier1,1,2026-09-05T19:32:46.666762+00:00,2026-09-05T19:32:46.666762+00:00
659,pernillaarea,instagram,pernillaarea,https://www.instagram.com/pernillaarea/,posts,30,tier1,1,2026-09-05T19:32:46.666762+00:00,2026-09-05T19:32:46.666762+00:00
481,personalbrand_baddie,instagram,personalbrand_baddie,https://www.instagram.com/personalbrand_baddie/,posts,-1,tier1,1,2026-09-01T16:20:44.067309+00:00,2026-09-01T16:20:44.080401+00:00
110,personalbrandlaunch,instagram,personalbrandlaunch,https://www.instagram.com/personalbrandlaunch/,posts,-1,tier1,1,2026-08-14T10:16:44.704618+00:00,2026-09-01T16:20:44.107538+00:00
660,peteryu_0104,instagram,peteryu_0104,https://www.instagram.com/peteryu_0104/,posts,30,tier1,1,2026-09-05T19:32:46.666762+00:00,2026-09-05T19:32:46.666762+00:00
111,phamm.mp4,instagram,phamm.mp4,https://www.instagram.com/phamm.mp4/,posts,-1,tier1,1,2026-08-14T10:16:44.708121+00:00,2026-09-01T16:20:44.136971+00:00
664,phoenix.heavner,instagram,phoenix.heavner,https://www.instagram.com/phoenix.heavner/,posts,30,tier1,1,2026-09-05T19:32:46.666762+00:00,2026-09-05T19:32:46.666762+00:00
644,phrasedwithpurpose,instagram,phrasedwithpurpose,https://www.instagram.com/phrasedwithpurpose/,posts,30,tier1,1,2026-09-05T19:32:46.666762+00:00,2026-09-05T19:32:46.666762+00:00
482,planet.ai_,instagram,planet.ai_,https://www.instagram.com/planet.ai_/,posts,-1,tier1,1,2026-09-01T16:20:44.151756+00:00,2026-09-01T16:20:44.164985+00:00
112,poli_notes,instagram,poli_notes,https://www.instagram.com/poli_notes/,posts,-1,tier1,1,2026-08-14T10:16:44.710136+00:00,2026-09-01T16:20:44.189518+00:00
113,porsche,instagram,porsche,https://www.instagram.com/porsche/,posts,-1,tier1,1,2026-08-14T10:16:44.712089+00:00,2026-09-01T16:20:44.216268+00:00
638,productionsbags,instagram,productionsbags,https://www.instagram.com/productionsbags/,posts,30,tier1,1,2026-09-05T19:32:46.666762+00:00,2026-09-05T19:32:46.666762+00:00
483,propermag,instagram,propermag,https://www.instagram.com/propermag/,posts,-1,tier1,1,2026-09-01T16:20:44.230718+00:00,2026-09-01T16:20:44.243564+00:00
484,quantscience_,instagram,quantscience_,https://www.instagram.com/quantscience_/,posts,-1,tier1,1,2026-09-01T16:20:44.256801+00:00,2026-09-01T16:20:44.271400+00:00
485,radhika_shanker,instagram,radhika_shanker,https://www.instagram.com/radhika_shanker/,posts,-1,tier1,1,2026-09-01T16:20:44.286662+00:00,2026-09-01T16:20:44.300316+00:00
114,radovantravels,instagram,radovantravels,https://www.instagram.com/radovantravels/,posts,-1,tier1,1,2026-08-14T10:16:44.715492+00:00,2026-09-01T16:20:44.327304+00:00
486,rainbow.circuit,instagram,rainbow.circuit,https://www.instagram.com/rainbow.circuit/,posts,-1,tier1,1,2026-09-01T16:20:44.347785+00:00,2026-09-01T16:20:44.360297+00:00
487,rainfrog.ai,instagram,rainfrog.ai,https://www.instagram.com/rainfrog.ai/,posts,-1,tier1,1,2026-09-01T16:20:44.374239+00:00,2026-09-01T16:20:44.386017+00:00
115,rammcodes_,instagram,rammcodes_,https://www.instagram.com/rammcodes_/,posts,-1,tier1,1,2026-08-14T10:16:44.718279+00:00,2026-09-01T16:20:44.409570+00:00
488,ravemood.es,instagram,ravemood.es,https://www.instagram.com/ravemood.es/,posts,-1,tier1,1,2026-09-01T16:20:44.421419+00:00,2026-09-01T16:20:44.437464+00:00
489,rawvisuals.jpg,instagram,rawvisuals.jpg,https://www.instagram.com/rawvisuals.jpg/,posts,-1,tier1,1,2026-09-01T16:20:44.450974+00:00,2026-09-01T16:20:44.463750+00:00
116,raycfu,instagram,raycfu,https://www.instagram.com/raycfu/,posts,-1,tier1,1,2026-08-14T10:16:44.720990+00:00,2026-09-01T16:20:44.493268+00:00
490,readymag,instagram,readymag,https://www.instagram.com/readymag/,posts,-1,tier1,1,2026-09-01T16:20:44.508386+00:00,2026-09-01T16:20:44.527097+00:00
491,realaaronchen,instagram,realaaronchen,https://www.instagram.com/realaaronchen/,posts,-1,tier1,1,2026-09-01T16:20:44.542670+00:00,2026-09-01T16:20:44.556648+00:00
492,realbennyy,instagram,realbennyy,https://www.instagram.com/realbennyy/,posts,-1,tier1,1,2026-09-01T16:20:44.571007+00:00,2026-09-01T16:20:44.585361+00:00
493,realchasechappell,instagram,realchasechappell,https://www.instagram.com/realchasechappell/,posts,-1,tier1,1,2026-09-01T16:20:44.602621+00:00,2026-09-01T16:20:44.615825+00:00
494,realchristianibanez,instagram,realchristianibanez,https://www.instagram.com/realchristianibanez/,posts,-1,tier1,1,2026-09-01T16:20:44.629406+00:00,2026-09-01T16:20:44.642448+00:00
495,realrobertpotter,instagram,realrobertpotter,https://www.instagram.com/realrobertpotter/,posts,-1,tier1,1,2026-09-01T16:20:44.656275+00:00,2026-09-01T16:20:44.670147+00:00
496,realtalkwmike,instagram,realtalkwmike,https://www.instagram.com/realtalkwmike/,posts,-1,tier1,1,2026-09-01T16:20:44.685114+00:00,2026-09-01T16:20:44.701010+00:00
497,realvladverba,instagram,realvladverba,https://www.instagram.com/realvladverba/,posts,-1,tier1,1,2026-09-01T16:20:44.716429+00:00,2026-09-01T16:20:44.733451+00:00
498,reddotfire,instagram,reddotfire,https://www.instagram.com/reddotfire/,posts,-1,tier1,1,2026-09-01T16:20:44.748121+00:00,2026-09-01T16:20:44.764529+00:00
117,regina__by,instagram,regina__by,https://www.instagram.com/regina__by/,posts,-1,tier1,1,2026-08-14T10:16:44.723633+00:00,2026-09-01T16:20:44.790530+00:00
647,reisz_and_shine,instagram,reisz_and_shine,https://www.instagram.com/reisz_and_shine/,posts,30,tier1,1,2026-09-05T19:32:46.666762+00:00,2026-09-05T19:32:46.666762+00:00
499,remonbiz,instagram,remonbiz,https://www.instagram.com/remonbiz/,posts,-1,tier1,1,2026-09-01T16:20:44.803949+00:00,2026-09-01T16:20:44.816422+00:00
500,renatodinisai,instagram,renatodinisai,https://www.instagram.com/renatodinisai/,posts,-1,tier1,1,2026-09-01T16:20:44.831293+00:00,2026-09-01T16:20:44.847548+00:00
501,reverelia,instagram,reverelia,https://www.instagram.com/reverelia/,posts,-1,tier1,1,2026-09-01T16:20:44.860587+00:00,2026-09-01T16:20:44.874255+00:00
502,reyhanmerekar,instagram,reyhanmerekar,https://www.instagram.com/reyhanmerekar/,posts,-1,tier1,1,2026-09-01T16:20:44.887412+00:00,2026-09-01T16:20:44.896721+00:00
503,rhian_marie,instagram,rhian_marie,https://www.instagram.com/rhian_marie/,posts,-1,tier1,1,2026-09-01T16:20:44.908163+00:00,2026-09-01T16:20:44.918664+00:00
504,richgirl_empire,instagram,richgirl_empire,https://www.instagram.com/richgirl_empire/,posts,-1,tier1,1,2026-09-01T16:20:44.930301+00:00,2026-09-01T16:20:44.941770+00:00
505,riskaarends,instagram,riskaarends,https://www.instagram.com/riskaarends/,posts,-1,tier1,1,2026-09-01T16:20:44.952995+00:00,2026-09-01T16:20:44.964775+00:00
506,rndyrbrts,instagram,rndyrbrts,https://www.instagram.com/rndyrbrts/,posts,-1,tier1,1,2026-09-01T16:20:44.975478+00:00,2026-09-01T16:20:44.987201+00:00
507,roamingwithtk,instagram,roamingwithtk,https://www.instagram.com/roamingwithtk/,posts,-1,tier1,1,2026-09-01T16:20:44.998026+00:00,2026-09-01T16:20:45.008355+00:00
508,rosspower,instagram,rosspower,https://www.instagram.com/rosspower/,posts,-1,tier1,1,2026-09-01T16:20:45.018264+00:00,2026-09-01T16:20:45.029167+00:00
509,rroomfies,instagram,rroomfies,https://www.instagram.com/rroomfies/,posts,-1,tier1,1,2026-09-01T16:20:45.041480+00:00,2026-09-01T16:20:45.052563+00:00
655,rukawa.kb,instagram,rukawa.kb,https://www.instagram.com/rukawa.kb/,posts,30,tier1,1,2026-09-05T19:32:46.666762+00:00,2026-09-05T19:32:46.666762+00:00
510,russisbuilding,instagram,russisbuilding,https://www.instagram.com/russisbuilding/,posts,-1,tier1,1,2026-09-01T16:20:45.063586+00:00,2026-09-01T16:20:45.076399+00:00
118,ryan.bartkiewicz,instagram,ryan.bartkiewicz,https://www.instagram.com/ryan.bartkiewicz/,posts,-1,tier1,1,2026-08-14T10:16:44.726159+00:00,2026-09-01T16:20:45.100663+00:00
119,ryanchriscreates,instagram,ryanchriscreates,https://www.instagram.com/ryanchriscreates/,posts,-1,tier1,1,2026-08-14T10:16:44.731876+00:00,2026-09-01T16:20:45.126480+00:00
511,ryanholiday,instagram,ryanholiday,https://www.instagram.com/ryanholiday/,posts,-1,tier1,1,2026-09-01T16:20:45.139280+00:00,2026-09-01T16:20:45.150153+00:00
120,ryanlpeterman,instagram,ryanlpeterman,https://www.instagram.com/ryanlpeterman/,posts,-1,tier1,1,2026-08-14T10:16:44.736411+00:00,2026-09-01T16:20:45.171815+00:00
121,saaralampwalla,instagram,saaralampwalla,https://www.instagram.com/saaralampwalla/,posts,-1,tier1,1,2026-08-14T10:16:44.740532+00:00,2026-09-01T16:20:45.193266+00:00
122,sabrina_ramonov,instagram,sabrina_ramonov,https://www.instagram.com/sabrina_ramonov/,posts,-1,tier1,1,2026-08-14T10:16:44.746271+00:00,2026-09-01T16:20:45.215250+00:00
673,sageeblackk,instagram,sageeblackk,https://www.instagram.com/sageeblackk/,posts,30,tier1,1,2026-09-05T19:32:46.666762+00:00,2026-09-05T19:32:46.666762+00:00
512,sahni.ai,instagram,sahni.ai,https://www.instagram.com/sahni.ai/,posts,-1,tier1,1,2026-09-01T16:20:45.226631+00:00,2026-09-01T16:20:45.236827+00:00
513,sam.gaudet,instagram,sam.gaudet,https://www.instagram.com/sam.gaudet/,posts,-1,tier1,1,2026-09-01T16:20:45.248183+00:00,2026-09-01T16:20:45.258882+00:00
514,samhxtr,instagram,samhxtr,https://www.instagram.com/samhxtr/,posts,-1,tier1,1,2026-09-01T16:20:45.270508+00:00,2026-09-01T16:20:45.281437+00:00
515,samin_yasar12,instagram,samin_yasar12,https://www.instagram.com/samin_yasar12/,posts,-1,tier1,1,2026-09-01T16:20:45.292921+00:00,2026-09-01T16:20:45.304382+00:00
516,samson.ai,instagram,samson.ai,https://www.instagram.com/samson.ai/,posts,-1,tier1,1,2026-09-01T16:20:45.315210+00:00,2026-09-01T16:20:45.326093+00:00
517,satvik.puti,instagram,satvik.puti,https://www.instagram.com/satvik.puti/,posts,-1,tier1,1,2026-09-01T16:20:45.336764+00:00,2026-09-01T16:20:45.347219+00:00
518,saulved,instagram,saulved,https://www.instagram.com/saulved/,posts,-1,tier1,1,2026-09-01T16:20:45.359165+00:00,2026-09-01T16:20:45.370363+00:00
519,scottaltiparmak,instagram,scottaltiparmak,https://www.instagram.com/scottaltiparmak/,posts,-1,tier1,1,2026-09-01T16:20:45.380555+00:00,2026-09-01T16:20:45.392770+00:00
520,sdnoise,instagram,sdnoise,https://www.instagram.com/sdnoise/,posts,-1,tier1,1,2026-09-01T16:20:45.405170+00:00,2026-09-01T16:20:45.418125+00:00
123,seanald_connery,instagram,seanald_connery,https://www.instagram.com/seanald_connery/,posts,-1,tier1,1,2026-08-14T10:16:44.748848+00:00,2026-09-01T16:20:45.442685+00:00
124,seanwerbowskii,instagram,seanwerbowskii,https://www.instagram.com/seanwerbowskii/,posts,-1,tier1,1,2026-08-14T10:16:44.751219+00:00,2026-09-01T16:20:45.465093+00:00
125,seenoevillondon,instagram,seenoevillondon,https://www.instagram.com/seenoevillondon/,posts,-1,tier1,1,2026-08-14T10:16:44.753797+00:00,2026-09-01T16:20:45.487905+00:00
126,seth.fiilms,instagram,seth.fiilms,https://www.instagram.com/seth.fiilms/,posts,-1,tier1,1,2026-08-14T10:16:44.757813+00:00,2026-09-01T16:20:45.511897+00:00
521,shaheer.arfat,instagram,shaheer.arfat,https://www.instagram.com/shaheer.arfat/,posts,-1,tier1,1,2026-09-01T16:20:45.523138+00:00,2026-09-01T16:20:45.533936+00:00
631,shannonhallwrites,instagram,shannonhallwrites,https://www.instagram.com/shannonhallwrites/,posts,30,tier1,1,2026-09-05T19:32:46.666762+00:00,2026-09-05T19:32:46.666762+00:00
643,shimmering_blue_love,instagram,shimmering_blue_love,https://www.instagram.com/shimmering_blue_love/,posts,30,tier1,1,2026-09-05T19:32:46.666762+00:00,2026-09-05T19:32:46.666762+00:00
522,shonathann,instagram,shonathann,https://www.instagram.com/shonathann/,posts,-1,tier1,1,2026-09-01T16:20:45.544833+00:00,2026-09-01T16:20:45.555782+00:00
523,shotbycande,instagram,shotbycande,https://www.instagram.com/shotbycande/,posts,-1,tier1,1,2026-09-01T16:20:45.565837+00:00,2026-09-01T16:20:45.577438+00:00
127,shrug.manny,instagram,shrug.manny,https://www.instagram.com/shrug.manny/,posts,-1,tier1,1,2026-08-14T10:16:44.761420+00:00,2026-09-01T16:20:45.598831+00:00
524,shwinnabegobrand,instagram,shwinnabegobrand,https://www.instagram.com/shwinnabegobrand/,posts,-1,tier1,1,2026-09-01T16:20:45.609763+00:00,2026-09-01T16:20:45.620484+00:00
525,sicknider.raw,instagram,sicknider.raw,https://www.instagram.com/sicknider.raw/,posts,-1,tier1,1,2026-09-01T16:20:45.630393+00:00,2026-09-01T16:20:45.640364+00:00
128,simond,instagram,simond,https://www.instagram.com/simond/,posts,-1,tier1,1,2026-08-14T10:16:44.764091+00:00,2026-09-01T16:20:45.664721+00:00
526,simran.khokha,instagram,simran.khokha,https://www.instagram.com/simran.khokha/,posts,-1,tier1,1,2026-09-01T16:20:45.675848+00:00,2026-09-01T16:20:45.687885+00:00
527,sina.growthtech,instagram,sina.growthtech,https://www.instagram.com/sina.growthtech/,posts,-1,tier1,1,2026-09-01T16:20:45.700971+00:00,2026-09-01T16:20:45.712409+00:00
528,skailaab,instagram,skailaab,https://www.instagram.com/skailaab/,posts,-1,tier1,1,2026-09-01T16:20:45.723734+00:00,2026-09-01T16:20:45.735202+00:00
529,sketch.__________________,instagram,sketch.__________________,https://www.instagram.com/sketch.__________________/,posts,-1,tier1,1,2026-09-01T16:20:45.745726+00:00,2026-09-01T16:20:45.757064+00:00
530,skylar.girard,instagram,skylar.girard,https://www.instagram.com/skylar.girard/,posts,-1,tier1,1,2026-09-01T16:20:45.768881+00:00,2026-09-01T16:20:45.780032+00:00
129,sociyell,instagram,sociyell,https://www.instagram.com/sociyell/,posts,-1,tier1,1,2026-08-14T10:16:44.766635+00:00,2026-09-01T16:20:45.803730+00:00
531,softgirlnocode,instagram,softgirlnocode,https://www.instagram.com/softgirlnocode/,posts,-1,tier1,1,2026-09-01T16:20:45.816916+00:00,2026-09-01T16:20:45.826922+00:00
636,softilja,instagram,softilja,https://www.instagram.com/softilja/,posts,30,tier1,1,2026-09-05T19:32:46.666762+00:00,2026-09-05T19:32:46.666762+00:00
532,solomonfrance_,instagram,solomonfrance_,https://www.instagram.com/solomonfrance_/,posts,-1,tier1,1,2026-09-01T16:20:45.838977+00:00,2026-09-01T16:20:45.851403+00:00
642,sommerset.studios,instagram,sommerset.studios,https://www.instagram.com/sommerset.studios/,posts,30,tier1,1,2026-09-05T19:32:46.666762+00:00,2026-09-05T19:32:46.666762+00:00
130,sonderingemily,instagram,sonderingemily,https://www.instagram.com/sonderingemily/,posts,-1,tier1,1,2026-08-14T10:16:44.769083+00:00,2026-09-01T16:20:45.883732+00:00
533,sophii.svg,instagram,sophii.svg,https://www.instagram.com/sophii.svg/,posts,-1,tier1,1,2026-09-01T16:20:45.896656+00:00,2026-09-01T16:20:45.908235+00:00
534,sorhan.hq,instagram,sorhan.hq,https://www.instagram.com/sorhan.hq/,posts,-1,tier1,1,2026-09-01T16:20:45.921593+00:00,2026-09-01T16:20:45.932481+00:00
131,sourcetms,instagram,sourcetms,https://www.instagram.com/sourcetms/,posts,-1,tier1,1,2026-08-14T10:16:44.771353+00:00,2026-09-01T16:20:45.955338+00:00
535,sovereignty.ai,instagram,sovereignty.ai,https://www.instagram.com/sovereignty.ai/,posts,-1,tier1,1,2026-09-01T16:20:45.966267+00:00,2026-09-01T16:20:45.978784+00:00
536,speedy_devv,instagram,speedy_devv,https://www.instagram.com/speedy_devv/,posts,-1,tier1,1,2026-09-01T16:20:45.990806+00:00,2026-09-01T16:20:46.002273+00:00
537,spiralcontent.ai,instagram,spiralcontent.ai,https://www.instagram.com/spiralcontent.ai/,posts,-1,tier1,1,2026-09-01T16:20:46.013923+00:00,2026-09-01T16:20:46.026232+00:00
538,sshirg,instagram,sshirg,https://www.instagram.com/sshirg/,posts,-1,tier1,1,2026-09-01T16:20:46.039025+00:00,2026-09-01T16:20:46.051033+00:00
132,starter_story,instagram,starter_story,https://www.instagram.com/starter_story/,posts,-1,tier1,1,2026-08-14T10:16:44.774921+00:00,2026-09-01T16:20:46.074919+00:00
133,startupsphereco,instagram,startupsphereco,https://www.instagram.com/startupsphereco/,posts,-1,tier1,1,2026-08-14T10:16:44.777624+00:00,2026-09-01T16:20:46.096932+00:00
539,stayforthestoriesofficial,instagram,stayforthestoriesofficial,https://www.instagram.com/stayforthestoriesofficial/,posts,-1,tier1,1,2026-09-01T16:20:46.107741+00:00,2026-09-01T16:20:46.119039+00:00
540,stephaniechungxh,instagram,stephaniechungxh,https://www.instagram.com/stephaniechungxh/,posts,-1,tier1,1,2026-09-01T16:20:46.132292+00:00,2026-09-01T16:20:46.144759+00:00
134,stephgorton__,instagram,stephgorton__,https://www.instagram.com/stephgorton__/,posts,-1,tier1,1,2026-08-14T10:16:44.780038+00:00,2026-09-01T16:20:46.169222+00:00
541,stephthefounder,instagram,stephthefounder,https://www.instagram.com/stephthefounder/,posts,-1,tier1,1,2026-09-01T16:20:46.183707+00:00,2026-09-01T16:20:46.197148+00:00
542,steve8708,instagram,steve8708,https://www.instagram.com/steve8708/,posts,-1,tier1,1,2026-09-01T16:20:46.211443+00:00,2026-09-01T16:20:46.224453+00:00
543,stevearnesonofficial,instagram,stevearnesonofficial,https://www.instagram.com/stevearnesonofficial/,posts,-1,tier1,1,2026-09-01T16:20:46.238373+00:00,2026-09-01T16:20:46.250216+00:00
135,steven.builds,instagram,steven.builds,https://www.instagram.com/steven.builds/,posts,-1,tier1,1,2026-08-14T10:16:44.782720+00:00,2026-09-01T16:20:46.274610+00:00
544,stevenshoaf,instagram,stevenshoaf,https://www.instagram.com/stevenshoaf/,posts,-1,tier1,1,2026-09-01T16:20:46.288501+00:00,2026-09-01T16:20:46.301661+00:00
136,steveofallstreets,instagram,steveofallstreets,https://www.instagram.com/steveofallstreets/,posts,-1,tier1,1,2026-08-14T10:16:44.785357+00:00,2026-09-01T16:20:46.327495+00:00
137,stics.ai,instagram,stics.ai,https://www.instagram.com/stics.ai/,posts,-1,tier1,1,2026-08-14T10:16:44.788078+00:00,2026-09-01T16:20:46.354346+00:00
545,stridejosh.ai,instagram,stridejosh.ai,https://www.instagram.com/stridejosh.ai/,posts,-1,tier1,1,2026-09-01T16:20:46.367929+00:00,2026-09-01T16:20:46.380887+00:00
546,studioaaacom,instagram,studioaaacom,https://www.instagram.com/studioaaacom/,posts,-1,tier1,1,2026-09-01T16:20:46.392911+00:00,2026-09-01T16:20:46.404572+00:00
629,studioube,instagram,studioube,https://www.instagram.com/studioube/,posts,30,tier1,1,2026-09-05T19:32:46.666762+00:00,2026-09-05T19:32:46.666762+00:00
671,stuylegacy,instagram,stuylegacy,https://www.instagram.com/stuylegacy/,posts,30,tier1,1,2026-09-05T19:32:46.666762+00:00,2026-09-05T19:32:46.666762+00:00
547,sunnyvibecodes,instagram,sunnyvibecodes,https://www.instagram.com/sunnyvibecodes/,posts,-1,tier1,1,2026-09-01T16:20:46.416957+00:00,2026-09-01T16:20:46.430125+00:00
548,surfhideaways,instagram,surfhideaways,https://www.instagram.com/surfhideaways/,posts,-1,tier1,1,2026-09-01T16:20:46.442068+00:00,2026-09-01T16:20:46.454663+00:00
549,swiss_glimpse,instagram,swiss_glimpse,https://www.instagram.com/swiss_glimpse/,posts,-1,tier1,1,2026-09-01T16:20:46.467345+00:00,2026-09-01T16:20:46.480030+00:00
550,swoopnebula,instagram,swoopnebula,https://www.instagram.com/swoopnebula/,posts,-1,tier1,1,2026-09-01T16:20:46.493421+00:00,2026-09-01T16:20:46.511309+00:00
551,symonebeez,instagram,symonebeez,https://www.instagram.com/symonebeez/,posts,-1,tier1,1,2026-09-01T16:20:46.523993+00:00,2026-09-01T16:20:46.536349+00:00
552,synsation_,instagram,synsation_,https://www.instagram.com/synsation_/,posts,-1,tier1,1,2026-09-01T16:20:46.549600+00:00,2026-09-01T16:20:46.562349+00:00
553,syntaix.ai,instagram,syntaix.ai,https://www.instagram.com/syntaix.ai/,posts,-1,tier1,1,2026-09-01T16:20:46.575503+00:00,2026-09-01T16:20:46.589424+00:00
554,taki.gpt,instagram,taki.gpt,https://www.instagram.com/taki.gpt/,posts,-1,tier1,1,2026-09-01T16:20:46.602740+00:00,2026-09-01T16:20:46.615678+00:00
555,tapewarp.ai,instagram,tapewarp.ai,https://www.instagram.com/tapewarp.ai/,posts,-1,tier1,1,2026-09-01T16:20:46.627065+00:00,2026-09-01T16:20:46.639718+00:00
556,taschen,instagram,taschen,https://www.instagram.com/taschen/,posts,-1,tier1,1,2026-09-01T16:20:46.651251+00:00,2026-09-01T16:20:46.662457+00:00
557,tashakeeney,instagram,tashakeeney,https://www.instagram.com/tashakeeney/,posts,-1,tier1,1,2026-09-01T16:20:46.676304+00:00,2026-09-01T16:20:46.688492+00:00
558,tatumbrandt,instagram,tatumbrandt,https://www.instagram.com/tatumbrandt/,posts,-1,tier1,1,2026-09-01T16:20:46.700299+00:00,2026-09-01T16:20:46.712350+00:00
676,taylormillerborg,instagram,taylormillerborg,https://www.instagram.com/taylormillerborg/,posts,30,tier1,1,2026-09-05T19:32:46.666762+00:00,2026-09-05T19:32:46.666762+00:00
559,techbypriyanka,instagram,techbypriyanka,https://www.instagram.com/techbypriyanka/,posts,-1,tier1,1,2026-09-01T16:20:46.723340+00:00,2026-09-01T16:20:46.735007+00:00
560,techguyver,instagram,techguyver,https://www.instagram.com/techguyver/,posts,-1,tier1,1,2026-09-01T16:20:46.746518+00:00,2026-09-01T16:20:46.758785+00:00
561,techloy,instagram,techloy,https://www.instagram.com/techloy/,posts,-1,tier1,1,2026-09-01T16:20:46.769477+00:00,2026-09-01T16:20:46.779638+00:00
562,technopooch,instagram,technopooch,https://www.instagram.com/technopooch/,posts,-1,tier1,1,2026-09-01T16:20:46.791953+00:00,2026-09-01T16:20:46.802602+00:00
563,techtalkuk,instagram,techtalkuk,https://www.instagram.com/techtalkuk/,posts,-1,tier1,1,2026-09-01T16:20:46.813018+00:00,2026-09-01T16:20:46.823986+00:00
138,techwitharia,instagram,techwitharia,https://www.instagram.com/techwitharia/,posts,-1,tier1,1,2026-08-14T10:16:44.791129+00:00,2026-09-01T16:20:46.851139+00:00
564,tembrasdev,instagram,tembrasdev,https://www.instagram.com/tembrasdev/,posts,-1,tier1,1,2026-09-01T16:20:46.886528+00:00,2026-09-01T16:20:46.913167+00:00
139,tenfoldmarc,instagram,tenfoldmarc,https://www.instagram.com/tenfoldmarc/,posts,-1,tier1,1,2026-08-14T10:16:44.794147+00:00,2026-09-01T16:20:46.939198+00:00
565,thatgoodspark,instagram,thatgoodspark,https://www.instagram.com/thatgoodspark/,posts,-1,tier1,1,2026-09-01T16:20:46.953324+00:00,2026-09-01T16:20:46.967268+00:00
566,the.ai.snack,instagram,the.ai.snack,https://www.instagram.com/the.ai.snack/,posts,-1,tier1,1,2026-09-01T16:20:46.980192+00:00,2026-09-01T16:20:46.993460+00:00
567,the.bohdana,instagram,the.bohdana,https://www.instagram.com/the.bohdana/,posts,-1,tier1,1,2026-09-01T16:20:47.007229+00:00,2026-09-01T16:20:47.021247+00:00
568,the_codingsloth,instagram,the_codingsloth,https://www.instagram.com/the_codingsloth/,posts,-1,tier1,1,2026-09-01T16:20:47.035153+00:00,2026-09-01T16:20:47.048212+00:00
569,theaifield,instagram,theaifield,https://www.instagram.com/theaifield/,posts,-1,tier1,1,2026-09-01T16:20:47.060068+00:00,2026-09-01T16:20:47.075198+00:00
570,theaisurfer,instagram,theaisurfer,https://www.instagram.com/theaisurfer/,posts,-1,tier1,1,2026-09-01T16:20:47.087927+00:00,2026-09-01T16:20:47.101667+00:00
571,thebeardofknowledge_it,instagram,thebeardofknowledge_it,https://www.instagram.com/thebeardofknowledge_it/,posts,-1,tier1,1,2026-09-01T16:20:47.112974+00:00,2026-09-01T16:20:47.125313+00:00
572,thebestmarketingnewsletterever,instagram,thebestmarketingnewsletterever,https://www.instagram.com/thebestmarketingnewsletterever/,posts,-1,tier1,1,2026-09-01T16:20:47.138662+00:00,2026-09-01T16:20:47.149058+00:00
573,thecareernotes,instagram,thecareernotes,https://www.instagram.com/thecareernotes/,posts,-1,tier1,1,2026-09-01T16:20:47.162368+00:00,2026-09-01T16:20:47.174350+00:00
574,thedarktheory08,instagram,thedarktheory08,https://www.instagram.com/thedarktheory08/,posts,-1,tier1,1,2026-09-01T16:20:47.186329+00:00,2026-09-01T16:20:47.198220+00:00
575,thediaryofaceopodcast,instagram,thediaryofaceopodcast,https://www.instagram.com/thediaryofaceopodcast/,posts,-1,tier1,1,2026-09-01T16:20:47.210692+00:00,2026-09-01T16:20:47.223770+00:00
576,theedgarr,instagram,theedgarr,https://www.instagram.com/theedgarr/,posts,-1,tier1,1,2026-09-01T16:20:47.237243+00:00,2026-09-01T16:20:47.250967+00:00
577,theescottsmith,instagram,theescottsmith,https://www.instagram.com/theescottsmith/,posts,-1,tier1,1,2026-09-01T16:20:47.264806+00:00,2026-09-01T16:20:47.276787+00:00
578,theharryneedham,instagram,theharryneedham,https://www.instagram.com/theharryneedham/,posts,-1,tier1,1,2026-09-01T16:20:47.290525+00:00,2026-09-01T16:20:47.304215+00:00
579,thehayleyjennings,instagram,thehayleyjennings,https://www.instagram.com/thehayleyjennings/,posts,-1,tier1,1,2026-09-01T16:20:47.317962+00:00,2026-09-01T16:20:47.328983+00:00
140,thehustledaily,instagram,thehustledaily,https://www.instagram.com/thehustledaily/,posts,-1,tier1,1,2026-08-14T10:16:44.798373+00:00,2026-09-01T16:20:47.352917+00:00
580,thejamiebrindle,instagram,thejamiebrindle,https://www.instagram.com/thejamiebrindle/,posts,-1,tier1,1,2026-09-01T16:20:47.368441+00:00,2026-09-01T16:20:47.382427+00:00
581,thejimmyreilly,instagram,thejimmyreilly,https://www.instagram.com/thejimmyreilly/,posts,-1,tier1,1,2026-09-01T16:20:47.396017+00:00,2026-09-01T16:20:47.409429+00:00
674,theking_of_africa,instagram,theking_of_africa,https://www.instagram.com/theking_of_africa/,posts,30,tier1,1,2026-09-05T19:32:46.666762+00:00,2026-09-05T19:32:46.666762+00:00
582,thekoerneroffice,instagram,thekoerneroffice,https://www.instagram.com/thekoerneroffice/,posts,-1,tier1,1,2026-09-01T16:20:47.423741+00:00,2026-09-01T16:20:47.436882+00:00
583,thelibraguide,instagram,thelibraguide,https://www.instagram.com/thelibraguide/,posts,-1,tier1,1,2026-09-01T16:20:47.450324+00:00,2026-09-01T16:20:47.462353+00:00
584,therealcaseykeith,instagram,therealcaseykeith,https://www.instagram.com/therealcaseykeith/,posts,-1,tier1,1,2026-09-01T16:20:47.473191+00:00,2026-09-01T16:20:47.484614+00:00
585,therespawn,instagram,therespawn,https://www.instagram.com/therespawn/,posts,-1,tier1,1,2026-09-01T16:20:47.497620+00:00,2026-09-01T16:20:47.508039+00:00
586,thesanskaarsingh,instagram,thesanskaarsingh,https://www.instagram.com/thesanskaarsingh/,posts,-1,tier1,1,2026-09-01T16:20:47.519317+00:00,2026-09-01T16:20:47.529138+00:00
587,thetspod,instagram,thetspod,https://www.instagram.com/thetspod/,posts,-1,tier1,1,2026-09-01T16:20:47.541815+00:00,2026-09-01T16:20:47.556391+00:00
588,thevibefounder,instagram,thevibefounder,https://www.instagram.com/thevibefounder/,posts,-1,tier1,1,2026-09-01T16:20:47.568830+00:00,2026-09-01T16:20:47.580691+00:00
589,thinkgpt_ai,instagram,thinkgpt_ai,https://www.instagram.com/thinkgpt_ai/,posts,-1,tier1,1,2026-09-01T16:20:47.592180+00:00,2026-09-01T16:20:47.603329+00:00
141,this.girl.tech,instagram,this.girl.tech,https://www.instagram.com/this.girl.tech/,posts,-1,tier1,1,2026-08-14T10:16:44.800807+00:00,2026-09-01T16:20:47.627483+00:00
590,thomastoddcollins,instagram,thomastoddcollins,https://www.instagram.com/thomastoddcollins/,posts,-1,tier1,1,2026-09-01T16:20:47.640079+00:00,2026-09-01T16:20:47.656726+00:00
142,timfrey__,instagram,timfrey__,https://www.instagram.com/timfrey__/,posts,-1,tier1,1,2026-08-14T10:16:44.803297+00:00,2026-09-01T16:20:47.679891+00:00
591,timkoda_,instagram,timkoda_,https://www.instagram.com/timkoda_/,posts,-1,tier1,1,2026-09-01T16:20:47.691478+00:00,2026-09-01T16:20:47.703423+00:00
592,tinnaloaizaofficial,instagram,tinnaloaizaofficial,https://www.instagram.com/tinnaloaizaofficial/,posts,-1,tier1,1,2026-09-01T16:20:47.713980+00:00,2026-09-01T16:20:47.724785+00:00
593,tom__youngs,instagram,tom__youngs,https://www.instagram.com/tom__youngs/,posts,-1,tier1,1,2026-09-01T16:20:47.738652+00:00,2026-09-01T16:20:47.749949+00:00
594,tommycetty,instagram,tommycetty,https://www.instagram.com/tommycetty/,posts,-1,tier1,1,2026-09-01T16:20:47.760490+00:00,2026-09-01T16:20:47.770891+00:00
595,tommyloutzenheiser,instagram,tommyloutzenheiser,https://www.instagram.com/tommyloutzenheiser/,posts,-1,tier1,1,2026-09-01T16:20:47.781583+00:00,2026-09-01T16:20:47.791622+00:00
143,travelarrowapp,instagram,travelarrowapp,https://www.instagram.com/travelarrowapp/,posts,-1,tier1,1,2026-08-14T10:16:44.805928+00:00,2026-09-01T16:20:47.812366+00:00
144,travelingnurselex,instagram,travelingnurselex,https://www.instagram.com/travelingnurselex/,posts,-1,tier1,1,2026-08-14T10:16:44.808669+00:00,2026-09-01T16:20:47.835024+00:00
596,travelwithsilviya,instagram,travelwithsilviya,https://www.instagram.com/travelwithsilviya/,posts,-1,tier1,1,2026-09-01T16:20:47.847081+00:00,2026-09-01T16:20:47.858992+00:00
597,twochanz,instagram,twochanz,https://www.instagram.com/twochanz/,posts,-1,tier1,1,2026-09-01T16:20:47.872392+00:00,2026-09-01T16:20:47.885717+00:00
656,txrachel_hasbrouck,instagram,txrachel_hasbrouck,https://www.instagram.com/txrachel_hasbrouck/,posts,30,tier1,1,2026-09-05T19:32:46.666762+00:00,2026-09-05T19:32:46.666762+00:00
598,ufd_tech,instagram,ufd_tech,https://www.instagram.com/ufd_tech/,posts,-1,tier1,1,2026-09-01T16:20:47.898052+00:00,2026-09-01T16:20:47.911192+00:00
599,ui.ananya_,instagram,ui.ananya_,https://www.instagram.com/ui.ananya_/,posts,-1,tier1,1,2026-09-01T16:20:47.926684+00:00,2026-09-01T16:20:47.938769+00:00
600,ui.ux.jam,instagram,ui.ux.jam,https://www.instagram.com/ui.ux.jam/,posts,-1,tier1,1,2026-09-01T16:20:47.949514+00:00,2026-09-01T16:20:47.959172+00:00
601,uiuxmanuel,instagram,uiuxmanuel,https://www.instagram.com/uiuxmanuel/,posts,-1,tier1,1,2026-09-01T16:20:47.970881+00:00,2026-09-01T16:20:47.980428+00:00
145,upflip,instagram,upflip,https://www.instagram.com/upflip/,posts,-1,tier1,1,2026-08-14T10:16:44.810789+00:00,2026-09-01T16:20:48.004367+00:00
146,upgradingkatie,instagram,upgradingkatie,https://www.instagram.com/upgradingkatie/,posts,-1,tier1,1,2026-08-14T10:16:44.813416+00:00,2026-09-01T16:20:48.035263+00:00
602,uthinhpham,instagram,uthinhpham,https://www.instagram.com/uthinhpham/,posts,-1,tier1,1,2026-09-01T16:20:48.045925+00:00,2026-09-01T16:20:48.057408+00:00
603,vamshi.work,instagram,vamshi.work,https://www.instagram.com/vamshi.work/,posts,-1,tier1,1,2026-09-01T16:20:48.068768+00:00,2026-09-01T16:20:48.080658+00:00
604,vasini_devi,instagram,vasini_devi,https://www.instagram.com/vasini_devi/,posts,-1,tier1,1,2026-09-01T16:20:48.091169+00:00,2026-09-01T16:20:48.101984+00:00
605,vayner3,instagram,vayner3,https://www.instagram.com/vayner3/,posts,-1,tier1,1,2026-09-01T16:20:48.112524+00:00,2026-09-01T16:20:48.124111+00:00
606,vaynermedia,instagram,vaynermedia,https://www.instagram.com/vaynermedia/,posts,-1,tier1,1,2026-09-01T16:20:48.136052+00:00,2026-09-01T16:20:48.147567+00:00
607,vibecode.rob,instagram,vibecode.rob,https://www.instagram.com/vibecode.rob/,posts,-1,tier1,1,2026-09-01T16:20:48.160695+00:00,2026-09-01T16:20:48.171750+00:00
608,vicky.owens,instagram,vicky.owens,https://www.instagram.com/vicky.owens/,posts,-1,tier1,1,2026-09-01T16:20:48.183088+00:00,2026-09-01T16:20:48.193970+00:00
609,vinnielauria,instagram,vinnielauria,https://www.instagram.com/vinnielauria/,posts,-1,tier1,1,2026-09-01T16:20:48.205234+00:00,2026-09-01T16:20:48.215951+00:00
147,Nick Vinny · Brand Designer,instagram,vinny_creative,https://www.instagram.com/vinny_creative/,posts,-1,tier1,1,2026-08-14T10:16:44.815928+00:00,2026-09-02T06:49:28.640133+00:00
611,viralwithkee,instagram,viralwithkee,https://www.instagram.com/viralwithkee/,posts,-1,tier1,1,2026-09-01T16:20:48.252494+00:00,2026-09-01T16:20:48.263483+00:00
612,visionboi_studios,instagram,visionboi_studios,https://www.instagram.com/visionboi_studios/,posts,-1,tier1,1,2026-09-01T16:20:48.273779+00:00,2026-09-01T16:20:48.284936+00:00
613,vivchowvals,instagram,vivchowvals,https://www.instagram.com/vivchowvals/,posts,-1,tier1,1,2026-09-01T16:20:48.295259+00:00,2026-09-01T16:20:48.305138+00:00
148,vivianbraha,instagram,vivianbraha,https://www.instagram.com/vivianbraha/,details,1,tier1,1,2026-08-14T10:16:44.819108+00:00,2026-08-13T14:18:00.876996+00:00
614,volkan.js,instagram,volkan.js,https://www.instagram.com/volkan.js/,posts,-1,tier1,1,2026-09-01T16:20:48.316715+00:00,2026-09-01T16:20:48.328296+00:00
615,voydgroup,instagram,voydgroup,https://www.instagram.com/voydgroup/,posts,-1,tier1,1,2026-09-01T16:20:48.339223+00:00,2026-09-01T16:20:48.351386+00:00
616,wallstwardrobe,instagram,wallstwardrobe,https://www.instagram.com/wallstwardrobe/,posts,-1,tier1,1,2026-09-01T16:20:48.364139+00:00,2026-09-01T16:20:48.376803+00:00
149,wassimyounes_,instagram,wassimyounes_,https://www.instagram.com/wassimyounes_/,posts,-1,tier1,1,2026-08-14T10:16:44.822626+00:00,2026-09-01T16:20:48.398579+00:00
150,webwiz.visuals,instagram,webwiz.visuals,https://www.instagram.com/webwiz.visuals/,posts,-1,tier1,1,2026-08-14T10:16:44.826745+00:00,2026-09-01T16:20:48.422185+00:00
617,weexplore.ai,instagram,weexplore.ai,https://www.instagram.com/weexplore.ai/,posts,-1,tier1,1,2026-09-01T16:20:48.432538+00:00,2026-09-01T16:20:48.443746+00:00
151,wehavethedata,instagram,wehavethedata,https://www.instagram.com/wehavethedata/,posts,-1,tier1,1,2026-08-14T10:16:44.829097+00:00,2026-09-01T16:20:48.465949+00:00
618,wellcopymax,instagram,wellcopymax,https://www.instagram.com/wellcopymax/,posts,-1,tier1,1,2026-09-01T16:20:48.476422+00:00,2026-09-01T16:20:48.487368+00:00
619,wellsaidbycuore,instagram,wellsaidbycuore,https://www.instagram.com/wellsaidbycuore/,posts,-1,tier1,1,2026-09-01T16:20:48.499065+00:00,2026-09-01T16:20:48.510347+00:00
620,weraveyoutech,instagram,weraveyoutech,https://www.instagram.com/weraveyoutech/,posts,-1,tier1,1,2026-09-01T16:20:48.522451+00:00,2026-09-01T16:20:48.533464+00:00
621,womenwhocode,instagram,womenwhocode,https://www.instagram.com/womenwhocode/,posts,-1,tier1,1,2026-09-01T16:20:48.544195+00:00,2026-09-01T16:20:48.555714+00:00
152,wutronicai,instagram,wutronicai,https://www.instagram.com/wutronicai/,posts,-1,tier1,1,2026-08-14T10:16:44.831582+00:00,2026-09-01T16:20:48.581078+00:00
622,yan.cacchione,instagram,yan.cacchione,https://www.instagram.com/yan.cacchione/,posts,-1,tier1,1,2026-09-01T16:20:48.596099+00:00,2026-09-01T16:20:48.608523+00:00
623,yhhydesign,instagram,yhhydesign,https://www.instagram.com/yhhydesign/,posts,-1,tier1,1,2026-09-01T16:20:48.620730+00:00,2026-09-01T16:20:48.631965+00:00
624,yourclaudeacademy,instagram,yourclaudeacademy,https://www.instagram.com/yourclaudeacademy/,posts,-1,tier1,1,2026-09-01T16:20:48.641969+00:00,2026-09-01T16:20:48.651489+00:00
625,zackkravits,instagram,zackkravits,https://www.instagram.com/zackkravits/,posts,-1,tier1,1,2026-09-01T16:20:48.663800+00:00,2026-09-01T16:20:48.673937+00:00
626,zav_developer,instagram,zav_developer,https://www.instagram.com/zav_developer/,posts,-1,tier1,1,2026-09-01T16:20:48.685131+00:00,2026-09-01T16:20:48.695617+00:00
153,zbake22,instagram,zbake22,https://www.instagram.com/zbake22/,posts,-1,tier1,1,2026-08-14T10:16:44.833648+00:00,2026-09-01T16:20:48.719482+00:00
627,zchangd,instagram,zchangd,https://www.instagram.com/zchangd/,posts,-1,tier1,1,2026-09-01T16:20:48.735264+00:00,2026-09-01T16:20:48.749594+00:00
154,zigzagprompts,instagram,zigzagprompts,https://www.instagram.com/zigzagprompts/,posts,-1,tier1,1,2026-08-14T10:16:44.835705+00:00,2026-09-01T16:20:48.772806+00:00
